MedInc,HouseAge,AveRooms,AveBedrms,Population,AveOccup,Latitude,Longitude,MedHouseVal
1.764052345967664,0.38273243001226814,0.555962679709798,0.013239767667533552,-1.5329210534301279,-1.6196845653727006,1.5932736159500267,0.3383155392256595,0.7669558549274292
0.4001572083672233,-0.03424228053195387,0.8924738873315303,-0.12194492760027727,-1.7119701640942213,0.5726270172050857,0.5687223991204718,1.4467920739203228,0.3444328809946462
0.9787379841057392,1.0963468456657985,-0.4223148241252707,0.3390592559424304,0.04613505895568493,1.9026181983698311,-0.11448704558920082,-0.21449510648859024,0.41860429186388176
2.240893199201458,-0.23421580134453654,0.10471402943328433,-0.5896320419510298,-0.9583744802265615,-0.7756641079399706,0.25163024881989055,1.663038957754906,1.0100020423857348
1.8675579901499675,-0.3474506524985633,0.2280533251240672,-0.8958157604108271,-0.08081161294374097,-0.1880897380496502,-1.21085563794359,-0.8515225844037914,0.573190009242522
-0.977277879876411,-0.5812684768603252,0.20147994670443287,0.5483281304979799,-0.7038590359904466,-1.0357477261952128,-0.3937337116943893,0.4221846079690917,0.0
0.9500884175255894,-1.6326345262344952,0.5407735853003902,0.09866745381579567,-0.7707843007065652,1.17782950470566,0.08525257457038693,2.009218561174876,0.383073980156724
-0.1513572082976979,-1.567767724308454,-1.8180776303835695,0.1971810551973674,-0.4808453408727291,-2.3051668550435207,0.09942198670854183,-0.48981473125860125,0.01595731441937162
-0.10321885179355784,-1.1791579306376878,-0.04932407014757259,1.0590272544419663,0.7035855546433883,-2.2636603010358085,-1.5306162443986169,0.24525585344341982,0.04547898108388807
0.41059850193837233,1.3014280716647608,0.2390336012467649,-1.0225643912606857,0.9291451477686911,0.37501991982015326,0.3276231792347814,0.8775050628364339,0.0
0.144043571160878,0.8952602728899299,-1.0003303489537054,-0.8552404572508642,0.3711725526490392,-0.08234364679135212,0.27919649251421025,-0.13789969889870665,0.013257154503741236
1.454273506962975,1.3749640663929898,1.67398570701071,1.2572196508289941,-0.9898225495471192,-0.4796230150738065,-0.3770512062727785,-1.5003532761643297,0.5147070747252438
0.7610377251469934,-1.3322116545945017,0.16155926723816796,-1.4828833575740425,0.6436312754533384,-0.3010947865234137,0.004174999082500307,-1.0559593590689562,0.3196315090593672
0.12167501649282841,-1.9686246897860202,1.5634047450289295,-1.3094121463310142,0.6888966666079323,0.5369879144563616,-1.4834915533680013,0.5809325888538347,0.0
0.44386323274542566,-0.6600563201340829,-0.7905230218330772,0.8178618311849958,0.27464720361244455,-0.4138039890496651,-1.4797956153243483,0.8915153199892447,0.06849442635000032
0.33367432737426683,0.175818953296028,-0.907300121525327,0.23820019202203863,-0.6036204360190907,-1.0969249717331135,0.1346872623382376,0.7845553343209962,0.2336618013024735
1.4940790731576061,0.4986902749098275,0.2242522209656819,0.10523213705927585,0.7088595753671403,-0.9273629280729663,-0.667723190916164,1.146432013867845,0.6153208738682794
-0.20515826376580087,1.0479721559680528,-1.6786883628286566,-0.09165940810038319,0.42281857467666145,0.8883388619968426,-0.011555520224301364,0.07198519493602167,0.0
0.31306770165090136,0.2842796708072146,0.21496559062609352,0.03126754702756948,-3.116856591599126,-0.5247419549622203,0.8394906723176047,0.20823317071100664,0.09990534395481375
-0.8540957393017248,1.7426687806556311,0.09721923200291803,-0.09211211469195592,0.6444520334110423,-1.3852775837671982,-0.17392993030515583,-1.5188686591575293,0.0
-2.5529898158340787,-0.22260568094832048,1.0156652815421012,1.3554427025944182,-1.913742670861507,0.10217832694397073,-2.810668054829197,0.317328953702337,0.0
0.6536185954403606,-0.9130792180417964,0.7010413411650971,-0.3981481287500751,0.6635615765913815,0.5049947217800111,-0.15065363802089335,0.6126807853910978,0.24030457682191825
0.8644361988595057,-1.6812182154944335,-0.417477349885034,-0.16137353627777917,-0.1540723984248353,1.3289607475532235,-0.48104402199403523,-0.5832112948159864,0.3228081552147212
-0.7421650204064419,-0.8889713580954499,-1.0974966547702447,1.7944488052250736,1.193611680749198,0.21790338712166898,-0.23469435432292007,0.6440016988949112,0.0
2.2697546239876076,0.242117960985123,1.7123052213432965,0.0275097020298358,-0.09816121120593053,-0.6597112472096701,0.8997308125715531,-1.8158888445178238,0.9582797962118315
-1.4543656745987648,-0.8887202573536308,-0.79211502056515,2.2320163895251777,-0.8866142600561124,0.4740078672770297,-1.578530185941114,0.7510995977945368,0.0
0.04575851730144607,0.9367424635352571,-1.0455245570694658,-0.10497970101895356,-0.14735366458284366,0.7271748700204365,0.24395662390798445,0.30028432362080115,0.07368152636323955
-0.1871838500258336,1.412327706037443,-1.0848560594614451,1.3674149824601585,1.0598062949337745,-0.03890530666380676,1.570303911911232,2.110608533588019,0.0
1.5327792143584575,-2.369586905226603,1.1173053155366646,-1.6553440383096778,0.026246617861587385,-0.04459939272557343,-0.6259431149684574,1.4130855368652668,0.7389066800379761
1.469358769900285,0.8640523004976479,-0.5189002044248521,0.15364446081566638,-0.11433515987237679,0.2601329049387677,0.47232788618573723,1.5069803585585295,0.5018766681503212
0.1549474256969163,-2.2396040586617367,-0.7537044661806008,-1.5844735631509355,0.7435535155083369,-0.06985649825618424,0.9663057789708022,0.8173970963681656,0.10559767981293595
0.37816251960217356,0.4014990550902875,0.13768982590334733,0.8444543066045863,0.21035936662981292,0.25011390688312557,0.2102314391020942,0.646615613915258,0.3084113129718417
-0.8877857476301128,1.2248705641936597,-0.20694471055729102,-1.2128678162090247,-0.005927405833231806,-1.0219133244269283,-0.6850969803314269,-1.1816313149129285,0.0
-1.980796468223927,0.06485610634357618,-0.6780954607862469,0.2837695543833455,1.3660600684033315,-1.1504377698185095,-0.7095210107080003,-0.33509130035178647,0.0
-0.3479121493261526,-1.2796891732042395,0.7539914669784796,-0.2821958766904351,1.5551140320590677,-0.836111379500769,0.7438001537659823,1.826728470660865,0.0
0.15634896910398005,-0.5854312042777726,1.0653154920979948,-1.1582031851840289,0.6133262263287012,0.6422109433294259,0.5921490907817339,-1.4561644487230898,0.05243933591105438
1.2302906807277207,-0.2616454457109007,0.9853175089398669,-1.6193599828975425,-0.2859591514851729,0.2587975673406087,-0.7864684150712256,-0.45028183481313,0.43337876563616595
1.2023798487844113,-0.18224478378994294,0.766919669661199,-0.5110404635801098,1.4969109935208271,1.0402389642495586,-1.176473154361083,-1.4192340808146706,0.6134387666616365
-0.3873268174079523,-0.20289684076666706,0.4026255311300352,1.7406294458953309,1.183119557331707,-0.18669092211460994,-1.2808067141489963,1.4509518140321274,0.0
-0.30230275057533557,-0.1098827793093138,-1.775887999961829,-0.2934850548893775,0.7188971655282916,-1.1436413958418497,1.6616518611847708,-0.5657813285456108,0.0
-1.0485529650670926,0.2134800489101689,1.6692508063769687,0.917221542115856,-1.216076580745861,1.144553535284558,-0.06794512039049865,1.5445343659312922,0.0
-1.4200179371789752,-1.2085736537332212,0.30198921035755294,-0.05704286766218815,0.14067190330796092,-0.018767055539892923,2.3602285856534144,-0.4137624937192986,0.0
-1.7062701906250126,-0.2420198298702195,0.6081564276006415,0.8767267736904524,-0.7436721747008731,1.2834550362665254,0.5555456030705429,-0.5041320801637381,0.0
1.9507753952317897,1.5182611703557054,1.1149623229474022,-1.8269113783045177,-0.15901225155435933,0.5979464913921806,0.4395223228337985,1.2785291889846653,0.7898104243401992
-0.5096521817516535,-0.38464542314251776,1.4333525028819918,-0.40318830684953333,0.2400569292967187,2.188618678822837,0.30627248830518367,0.9388317263937761,0.0
-0.4380743016111864,-0.4438360931551978,0.4183980113091925,0.9494055237932187,0.10015940809062349,-0.21977298571336235,0.9991498501973654,-2.7162803092175745,0.0
-1.2527953600499262,1.0781973037142378,0.4355461592956536,-0.16325494883317873,-0.4751751058292485,0.9007239050891807,-0.9660631850440695,0.4511407898571997,0.0
0.7774903558319101,-2.5591846663440965,-0.5992242774597194,-0.08645528271104713,1.2729537489199108,0.891364106352944,2.1600131083707352,0.6001668782522922,0.4303376008468275
-1.6138978475579515,1.1813786012882859,0.0330897511387602,-0.43046191188579297,-1.6961312668315431,-0.55512634549445,-0.10030170261183188,0.20980693090091096,0.0
-0.2127402802139687,-0.6319037580051673,-0.8541612608143545,1.149379383367124,0.7301835311296144,-0.1724823171069609,-0.7034000921928111,-0.6576580038247748,0.015574280306646149
-0.8954665611936756,0.16392857245258663,-0.7199405321418947,0.2975143539549459,-1.857483271594538,-1.461738342216723,0.3025610022884201,0.028408444639589216,0.0
0.386902497859262,0.09632135592119682,-0.8935744023141913,0.04402227617534797,0.3825981367234629,-1.5487961370026657,1.092338876030798,-0.39806148096566424,0.11741978285867263
-0.510805137568873,0.9424681192203938,-0.15602389099728736,0.6430545453392927,-0.8869043262838756,0.12656880153077496,-1.0075548757829758,0.21132302760997543,0.0
-1.180632184122412,-0.2675947462353477,1.0490931879200103,0.5882249291179367,0.8783037577325304,0.7930070706974274,0.5668693724410713,-0.20239426286106618,0.0
-0.028182228338654868,-0.6780257815644504,3.1709747732901796,0.2125870464375366,0.08645252400759346,0.6380240334954549,-0.7164441575864774,-0.6219281582389458,0.0
0.42833187053041766,1.2978457906510987,0.18949963754791346,1.5470314969908445,0.2477063784668243,0.34002459825965264,-0.5062735331744886,0.16377044630461457,0.11359312333829027
0.06651722238316789,-2.36417381714118,-1.34841308775612,-0.06028753363911904,-1.0182793255668514,0.8630171531510914,-0.48948241875503073,0.8024389101843935,0.10022343687776904
0.3024718977397814,0.02033418170524325,1.264983329856256,0.278081047967944,-0.6545701349975839,-0.5896977956993248,0.7635414664859205,0.2890058923953664,0.02186820424866423
-0.6343220936809636,-1.3479254226291204,-0.3007838764760271,-0.6429525533528905,0.20721739341095335,-0.2725327484877595,-1.1090727317943776,-0.5536423899312313,0.0
-0.3627411659871381,-0.761573388256559,-0.660608593976992,0.1501152270061292,0.583569926909304,0.7375215134138817,0.1926161100346126,0.33625402037041036,0.0
-0.672460447775951,2.011256681463137,0.2098494779230553,1.5877615237453675,2.9290962417638613,0.4331187294489333,-0.3434178640825921,1.0697923918589658,0.0
-0.3595531615405413,-0.044595426455857026,-1.2406245995562275,-0.6432576017887388,0.22285832310348672,-0.21018881379676232,-0.8472101779585292,1.5954041685761902,0.0
-0.813146282044454,0.19506969715138117,0.22246316400860677,-1.1335928256384589,0.9760375253689257,1.3207943861279146,-1.2135236027544805,1.2075525841594366,0.0
-1.7262826023316769,-1.7815628557055914,-0.08837552319915497,0.9967596428198156,-1.5569339325092606,-1.2920012510471275,-1.2028883245160027,0.5373801933590323,0.0
0.17742614225375283,-0.7290446587946957,0.09837790681547566,-0.14876615223367926,-1.329891861334063,-0.5186786872885925,-1.6337960176527973,-1.0091240312138865,0.0
-0.4017809362082619,0.19655740072878491,0.38141625420917086,0.09600420496977001,-0.355494774608452,-0.2833977744562524,0.8961671937492679,-1.3655527269208718,0.0
-1.6301983469660446,0.3547576931132181,0.0674922572408068,-0.045113303693334814,-1.1974276956385663,0.8165348797737704,-0.24165316263122066,-0.20238121371907244,0.0
0.4627822555257742,0.6168865543932788,0.016338084112892493,0.07912172392953508,1.4863992534663846,0.0023851979152351623,0.15865193006624295,-1.4091847815561631,0.1754187464445671
-0.9072983643832422,0.008627898917576322,0.2843145189979445,0.8505306835234382,-0.41021869278032874,-1.261491746790615,1.1781893644815975,-0.7847847290606281,0.0
0.05194539579613895,0.5270042084546597,0.41540062617112683,-0.8391241905992737,1.3821818883931385,0.5140041798160635,-1.2201171569315528,-0.17012230475116602,0.06032185471148452
0.7290905621775369,0.453781912635684,-1.0314824603152577,-1.0117740841054885,1.4867824740856308,1.0875463154668945,-0.9415456753157148,-0.4842104217389033,0.2863119206582234
0.12898291075741067,-1.8297404110045314,-1.4299912586854484,0.08496813703770767,0.042779719883566894,0.7393045331330262,0.2547155366937834,-0.3279180563104176,0.0
1.1394006845433007,0.03700572191014953,-0.061638052172214755,-1.6064396894498327,0.501799753807639,0.6191549216054889,-1.8240795520803668,-1.3280046272981096,0.3138417230279559
-1.2348258203536526,0.7679024077327037,-1.432735489934108,-1.3730535360419285,-0.0560994733409029,-1.8743134967410682,-0.5787085129968689,0.2314667597932105,0.0
0.402341641177549,0.5898798207345195,0.08753147092167086,1.866683148331627,0.5384370003545387,-0.8998864767434843,-0.9248930731004674,0.9965080510669072,0.009115985952076133
-0.6848100909403132,-0.3638588099707899,0.9387468756823101,0.7574683300614039,0.48334185178057176,0.4820806086722011,0.3295224421695356,-0.5481374677891694,0.0
-0.8707971491818818,-0.8056265075393678,0.6071116719160459,-0.010056471869014538,-0.12364962589203071,-0.05488818475438849,-0.4258158663638689,0.7257553441912135,0.0
-0.5788496647644155,-1.1183119243216322,-1.0481704068254731,1.2380069359584398,0.5049699814628403,0.522557601998812,2.0081492793769584,2.662726713718078,0.0
-0.31155253212737266,-0.13105401154141233,-0.8602624519575188,-1.040599230085145,1.7236962756672618,-1.2663426769629542,0.9378913720693943,-0.0918110301344528,0.0
0.05616534222974544,1.133079879559722,0.3283012950007554,-0.3156031233858582,0.7130162297109377,-0.06149476428488614,-0.8532384842753111,0.6512100079495287,0.0
-1.1651498407833565,-1.951804101481602,-0.40129780513351004,0.6234536094243824,0.32579961364062554,-1.3897810188962068,-0.38731343745685026,0.19677009008735558,0.0
0.9008264869541871,-0.659891729729498,-0.31665529505210693,0.8906716814313947,0.12476952104321241,-1.9536785626194064,-0.3475845129154441,0.9696237292240466,0.3319680495560237
0.46566243973045984,-1.139802455426774,0.5969064812479539,0.5129168468277764,-1.012673123768591,0.2957790885068872,3.3065743491105617,-1.718649876612095,0.0
-1.5362436862772237,0.7849575212405001,-0.9872866934576524,-2.5412388076882246,-1.0272968770754625,0.8425887964569804,-1.510199643978141,-1.056956767945215,0.0
1.4882521937955997,-0.5543096265713009,-0.40123470991118243,-0.968082117664578,0.3233565314802586,0.2456164279017758,0.20353970040461283,0.14346392807138045,0.523714384785889
1.8958891760305832,-0.4706376581547914,-0.8000824760846013,0.47706809235686526,-1.3693911240471572,-0.032996480264666096,-2.084432135361529,0.8869625661584651,0.84669535465784
1.1787795711596507,-0.216949569936649,-1.0431294980353556,-0.35595149304680634,-0.7663275989635832,-1.5620143418292662,-0.006937441205922597,0.13052402586494022,0.341467842803852
-0.17992483581235091,0.4453932508947973,-0.8570781886711647,2.5402316207591715,1.2815113403641332,1.0061070670975472,1.9098905619090114,-1.6645732509676436,0.0
-1.0707526215105425,-0.39238899814963674,0.6774621693464117,0.9265583009670965,1.914229697062814,-0.04404489737594127,-0.4084554316741083,-0.8236132764583951,0.0
1.0544517269311366,-3.0461430547999266,0.05182038948242156,0.5580818806186658,-1.6659560767977184,1.9595620052057678,1.1045544214720489,-0.794706117597217,0.28943983245006655
-0.40317694697317963,0.5433118913875197,-0.8791606288350748,-1.1169495537467236,1.626649562301582,0.9423143082769667,-0.06611522595320368,0.3889919450030478,0.0
1.2224450703824274,0.43904295767204254,-0.23110160759299653,-0.03529673960291556,-0.21143829084555663,-2.0051254266521483,-0.4224987168254349,-0.7620389598404272,0.4146627800340944
0.2082749780768603,-0.21954102833121325,-1.6388073071221778,0.24120396421895252,-0.015005087031364805,0.7550496802558879,-0.251656358946396,-0.6808071048007711,0.1725067494305338
0.9766390364837128,-1.0840366206719345,-0.7333128075836657,1.1277836301278024,-0.11341163064273396,-1.3965352375731572,-0.5869026451800015,1.0847475766377048,0.4370428911163371
0.3563663971744019,0.3517801106813583,2.149574534867287,0.8811310970996323,1.0805441270254872,-0.7594954904290641,-0.6260582718898234,1.33531627679859,0.20431264354323947
0.7065731681919482,0.37923553353558676,-0.0902438496657506,1.0329891945199456,-1.607676579043177,-0.2507566767601495,-1.3301944123244955,-0.4132748053360386,0.5322709735527646
0.010500020720820478,-0.4700328827008748,0.7316589270303925,-0.923912015810002,0.4561636113551334,-0.09406245036260366,1.5068007289494436,0.42490267234987283,0.1671475305692349
1.7858704939058352,-0.21673147057553863,-0.06548837514448298,1.4121516982986309,-0.9448701973880109,0.39756521561746616,-0.3930763957934435,-1.8814837985313415,0.7044437273932941
0.12691209270361992,-0.9301565025243212,0.34816923524180865,-1.3804307523072692,0.5707885293815738,-1.022855040804214,0.29377431076575306,0.1983270593553415,0.030565641555631875
0.40198936344470165,-0.17858909208732915,0.663258089679174,-0.5359145616661618,1.5427963382930518,-1.1506920042566469,-0.876531851439786,1.1899780497958272,0.015913156510903775
1.8831506970562544,-1.550429345083481,-1.1046165975264708,0.43077113494564145,-0.00041732641262016675,0.6006052017330761,1.11699055941535,0.5267817052573492,0.5818438100792472
-1.3477590611424464,0.4173188210318355,-0.030936257273958937,-0.14989159173313932,0.37415508597080255,-0.01325026793402666,-0.27355577790782964,0.10106084435747183,0.0
-1.2704849984857336,-0.9443684908242939,1.5788651944164882,-1.0060368579203915,0.40955177823769134,0.17437304870152562,-0.09103266785780534,-0.3886429734726365,0.0
0.9693967081580112,0.23810314783231212,-0.795500550053291,-0.8215498256031326,-0.7995934996704901,-2.19368335169466,-1.8289766352959453,-0.6467920155914019,0.45029422620147297
-1.17312340511416,-1.4059629162678993,-0.5664398537322193,-1.5482543228490424,1.5116393498843184,-0.17713738331532355,0.39597621113961184,-0.17908240519380295,0.0
1.9436211856492926,-0.5900576458695397,-0.30769127736700175,0.5319746390071913,1.706468247260989,-0.8907291830614958,1.811505704820246,-1.5514411382363107,0.7191541348092193
-0.41361898075974735,-0.11048940506592783,0.26902407317624666,1.2605688450421493,0.701783372117029,-0.9206263730168693,-0.8690775859999118,1.610458978298244,0.0
-0.7474548114407578,-1.6606998118692633,0.5249178636458827,-0.10039350340136602,0.07328543200764547,0.9219348042245775,-0.4582291537024826,0.5642106403948174,0.0
1.9229420264803847,0.11514787314009216,1.2674116548186567,-0.4003488150134234,-0.46189381535428464,-1.0956712289725123,-1.1383239582150162,-0.1024370342132837,0.845059765494464
1.4805147914344243,-0.37914756287992274,0.49949823346865946,-1.4723229284664896,-0.6264902231490875,-1.0928966063260301,0.12916217424037618,-0.6198047748273389,0.5212128924668114
1.8675589604265699,-1.7423561978092306,-0.06205312579833403,0.9132019242521776,1.7108365825466556,-0.3310106034017459,0.064024197906828,-0.07033962015774306,0.7621382873852436
0.9060446582753853,-1.3032427541123157,1.2591671296108138,2.211304333239493,1.4144150427290236,0.4502888306473442,0.705081101494469,0.7977949422628428,0.49472699410827276
-0.8612256850547025,0.6051200840821667,0.7041110221415822,-1.7974558043668976,-0.06366148878954943,-0.8840147297480861,0.5514735468009196,1.0114478912189466,0.0
1.9100649530990337,0.895555985551324,-1.4956795162570162,-1.0634329381546068,-1.5799305296711237,1.2341440357800615,-0.8125160461856011,-0.9036909300657424,0.9546858495102254
-0.2680033709513804,-0.13190863977996706,2.5263682403559984,-0.6795930425441441,-2.832011869908987,1.4498475253612189,0.22494804906437368,-0.9735287601736554,0.0
0.8024563957963952,0.4047618120404975,1.7699213881967337,-0.564317909682489,-1.0834266602642797,-0.8814470664684638,-0.3283011067224728,2.078229962808275,0.3032464099914084
0.947251967773748,0.2238435633129107,-0.1682142227670741,0.227345950143481,-0.1306203959951194,-0.24508175557685558,-1.0910329773767136,1.136592857715686,0.2138629475447827
-0.1550100930908342,0.32962298212773805,0.37791010173847506,1.6142495472802274,1.4006890344430014,-0.7786754726576129,-0.12685587296261336,0.7085199408280056,0.0
0.6140793703460803,1.285984007080293,1.3243587499958391,1.0085972868601036,-0.6516562090577808,-1.6853821048712272,3.8016602149671153,-0.13864624371736975,0.3466408261920144
0.9222066715665268,-1.506998398214272,-0.17220079269688263,0.5275973827743159,0.5048154563405017,0.3030110504561574,2.315170634005945,0.9240203382627826,0.37745287782795006
0.37642553115562943,0.6764607323616232,0.7303517903770194,-0.7239287040586021,1.3031809616484324,0.7335948682293696,0.1398265977676514,-1.2732331758311164,0.0
-1.0994007905841945,-0.3820089555778202,1.1045784735714765,-1.1196282336804544,0.12853631685604816,2.0118642631265615,1.7388572080107567,1.5317684215350404,0.0
0.298238174206056,-0.22425893425164034,-1.014825907734441,-0.7967753063063009,-0.14244786878884133,-0.897409503631337,-0.04538336414627235,-0.03577222473716005,0.2338314096481139
1.3263858966870303,-0.30224973045507003,-0.6023318535828621,1.5480668013787386,-1.308763514238608,1.336235090812621,-0.05313833944148108,0.7908615021587522,0.5154948478225401
-0.6945678597313655,-0.37514711666128386,0.9214083978105813,-0.06174330145790107,-1.2024753082044328,1.3423536912579532,-1.9495717876297631,0.6462177748951762,0.0
-0.14963454032767076,-1.226196191783019,0.4608144771488305,-0.4468362536626212,0.4160996344158233,0.19785330956715308,-0.9601055659442864,-0.13157091126192805,0.0038048606925619524
-0.43515355172163744,0.18333919925760125,0.9237965603139469,-0.18375573024999226,-0.20090753320092672,0.6021634895760638,-0.7834992639864761,-0.17536635509746795,0.0
1.8492637284793418,1.6709430327888573,-0.13256801465371804,0.8246182196384677,0.12253131765330154,0.8732730483007036,0.10751903166543003,1.221583141275983,0.7429384894685624
0.6722947570124355,-0.056133020448757114,-0.289005210954233,-1.3128496745497917,-0.04727771569624714,1.9740999482418995,0.013984534859276173,1.0264974045825888,0.21341053808030946
0.40746183624111043,-0.001385042735095726,-1.9986394755833727,1.4148741359224224,0.6641440493586505,0.4778085626164694,-0.5789423513918671,-1.7722311199804224,0.17276334541934502
-0.7699160744453164,-0.6872990371566635,-1.1460004265074433,0.15647625694629896,-0.7846874114294452,-0.060137885503685214,-0.5888131995338436,-1.6924057370564578,0.0
0.5392491912918173,-0.11747454641811148,0.04706609465849369,-0.2163439782957261,-0.3355806435831669,-0.8661687990074722,-0.16615313560795222,-0.9462206203561587,0.2994513437826172
-0.6743326606573761,0.46616642603403075,0.8245572195642364,0.442846113746739,1.896182228633144,0.30532075501249806,-1.3814116506822827,-0.8935453982997023,0.0
0.03183055827435118,-0.3702424407043429,0.5311783665356953,0.21839707312993703,-0.7997861383857707,1.02416493277307,-0.6126385603685591,-1.118525872587231,0.09508777249661429
-0.635846078378881,-0.45380404105200106,-0.12824197402770202,-0.34419645646738123,-0.2815754308001021,0.24461036132947195,-0.38128986980829505,0.272110643262288,0.0
0.6764332949464997,0.4032645401632468,-0.27177156649069667,-0.2527106720416067,-0.5893867019785693,-0.779923248925003,-1.2489489330728745,-0.4637044471339729,0.28864957867683794
0.5765908166149409,-0.9180047698190454,0.21717963263828013,-0.8688625468659522,0.4447813624072502,0.08907620249656334,-0.3302378932645443,1.2061246217621702,0.09933949324605804
-0.20829875557799488,0.2524966270768724,0.07821118109215218,0.6563907508593024,1.0223923224420695,-0.12915348246011388,-0.8348071635345082,1.452877765517057,0.0
0.3960067126616453,0.8203217972614217,1.404545514939712,-0.5319938094111618,-0.49821161858610963,0.26473875775570727,1.2353823920094769,-0.028683237497593085,0.0
-1.0930615087305058,1.3599485416794843,0.14644077047824985,-0.9562584224322828,-0.43141434110468524,-1.66184836721825,-0.24380379713912192,1.6834579486728931,0.0
-1.4912575927056055,-0.09038200727694681,-1.4812459621972984,0.16586352265353732,-0.2789816053030303,0.5507886141027314,-0.18954566825657565,0.024214310140723196,0.0
0.4393917012645369,1.3675972398067135,-1.272558135032317,1.3291412827455533,0.5298337834749577,0.595423156763723,0.4280281070213674,-0.4347906467499012,0.22524595944856823
0.16667349537252904,1.034409886481518,1.5187593369635801,-0.048344623779819615,-0.7393953025101954,0.4448534381865086,0.5569683168406292,0.06478573929391421,0.06634851030551274
0.6350314368921064,-0.9962126403710662,-1.1711604614500803,-0.6081012569516899,-0.37595996597125914,-0.0037628171450240252,-1.736241804300151,0.9448600019930663,0.22376925905709988
2.383144774863942,-1.217938511593151,0.7644974530335336,0.4038960208359738,-2.3721938715130153,-1.8059362626034217,-0.3767841091075349,-1.6144609726998975,0.8793178153235487
0.9444794869904138,-0.30496363785442043,-0.2683727352093812,1.936712462402552,-1.3817450094949852,-0.01932279197126341,-0.9090323262520912,-0.20859932222445562,0.32651058650198106
-0.9128222254441586,1.0289354925948542,-0.16975829390248548,-1.4519055294317473,-0.11244375601928822,1.0607149993421696,-0.14517024419321808,0.29740566031687127,0.0
1.117016288095853,-0.0722870075600049,-0.1341327827684201,0.3822027877852936,0.8978641732031214,-0.8601288762924614,-0.5363325211989141,0.363084665238542,0.4944744409743246
-1.3159074105115212,-0.6006575576577885,1.2213849594591983,0.2050866252318538,0.2950757833018624,-1.9892694661612838,0.15706946285780823,-0.36843634332291103,0.0
-0.461584604814709,1.5522431800485608,-0.19284182854396467,1.1615338035591172,-1.0987684566672995,-1.5405579718706937,-0.9804592455621558,0.48878574264347124,0.0
-0.06824160532463124,0.2869044880033464,-0.03331928284515295,0.9909091736848452,-1.400256208127942,0.31402569182060314,-0.567767241520187,0.2921216179508627,0.0
1.7133427216493666,-2.3205942757907416,-1.5308034973994926,-0.18670911180977923,0.17468009289816874,0.37287600885243755,-0.591159668922353,-0.5919081134723939,0.8502044359975551
-0.7447548220484399,0.31716062629268876,0.2066905117080033,-1.6845172554248828,-1.6528036422528436,0.886293194621468,1.0825913704708934,2.1815986289387745,0.0
-0.8264385386590144,0.5200406145708678,0.5310425069780597,0.8065637678962596,1.0659268187168889,-0.05525899572965248,0.36800365928054296,0.4395502060313077,0.0
-0.0984525244254323,0.2256086544711038,0.23914558065378702,-0.8351926901914831,0.06389619165017826,-1.5003283759785706,0.3688887075856658,-0.33118335017382994,0.05798157385147133
-0.6634782863621074,0.44971210023199254,1.3978962610867354,-0.9467404109571895,-1.607320159234058,-0.8185041405936757,-0.2863182808100257,-0.5717190334784398,0.0
1.126635922106507,-0.06727560892298173,0.05517135478023174,1.1483505806911263,-0.9659538588418697,0.8188393725993478,-0.38471785209355397,1.0294089182309158,0.6892165320768467
-1.0799315083634233,-1.3183958696447342,0.2989774561190176,-0.9108503776386525,-0.7243113192311228,0.1404959074394759,0.5610028884976374,0.10205979106406736,0.0
-1.1474686524111024,-0.37070400322045344,1.648504010268179,1.4028447401002433,-0.7731925102234387,0.6498296346799787,0.7774339337937849,2.5481126978151902,0.0
-0.43782004474443403,-0.9456157955562914,-1.5500141893581478,0.335844721405313,-1.4899330082214923,0.4347888054610397,0.015146785628840823,-0.43592412295208854,0.0
-0.4980324506923049,-0.9327409107943778,-0.45582534779936884,0.3191184000862824,-0.8746625219888452,-0.20496055173029593,1.1416479454761015,-1.2426069384522895,0.0
1.9295320538169858,-1.2630683491022754,1.4261587520192662,0.30726478050559103,-0.6844015561404262,-0.1740068375080337,1.274155027515184,-0.02769845883360259,0.8433336700022989
0.9494208069257608,0.45248909263964643,0.9361291483110824,-1.6384236257417921,-0.7112857556104383,1.8571022697558597,-1.6646980393889146,0.17506745883744323,0.3335605691417469
0.0875512413851909,0.0978961454126271,0.6783800988404703,-1.7763886163465759,1.1279566249333806,0.4146742666092209,0.4303788847830499,-2.118450634640296,0.12634119711835917
-1.225435518830168,-0.44816536268070806,0.8326507394644783,0.2155530537886848,0.10482780282721457,-0.1285875503163606,-0.04260192849103662,-0.30916851438148,0.0
0.8443629764015471,-0.6493379277303881,0.3270662091210221,0.5680073592264201,-0.9932572174375524,0.4554199909368095,0.38828881396824266,-0.3684154413875956,0.2842474762943356
-1.0002153473895647,-0.02342310502145217,1.6315974275322715,0.08261103215620101,-0.33462160595412205,0.22290581962427333,1.1159765280267424,-0.36876353620555047,0.0
-1.5447710967776116,1.0791947281124892,0.3777591697307179,-0.8215345170195275,-0.8795570973113842,-2.157356373494461,-0.9205381630914402,-0.6302257476306048,0.0
1.1880297923523018,-2.004215715498915,0.23986710589527857,0.018922103882194737,-0.300006659011757,0.6500845143723144,-1.620274102422562,-1.3431925430884397,0.45239479319989195
0.3169426119248496,0.37687652085089274,0.15895867412564327,-0.08203415314548415,0.8755091531413832,1.8209392740896755,1.1061914728510454,0.7580380514217575,0.037742891534422535
0.920858823780819,-0.5457119740177824,0.19286395555038602,-0.9571580982754103,0.2522707806121254,-0.780279868390064,-0.9984846449304126,-0.5838408439896756,0.48932072024365053
0.3187276529430212,-1.8845858449794477,-1.1570172808158679,1.0139721541121614,2.2856011815280666,1.454035748839167,-0.6862195139210355,-1.0237014524008545,0.0010110579272804843
0.8568306119026912,-1.9457030831639588,0.7706730544633433,-1.7302760615500858,0.3759274257674802,-0.25686969733191695,0.2046208934196503,-0.7599342678179074,0.5265503936647448
-0.6510255933001469,-0.9127834941352918,-0.13043973378332732,0.5887424068075064,-0.913594509977107,0.2934713976498223,-0.6861018211613559,-0.47232323974695456,0.0
-1.0342428417844647,0.21950955579304526,1.821915097860406,0.3843234052112453,0.8097407308144474,1.070360016973174,-1.5922106283155977,0.1086471247130269,0.0
0.681594518281627,0.3930629339800916,-0.07565047058842289,1.0097118548117143,1.0799312171425357,-0.7200014312908092,0.034189767415725485,0.6683389863604884,0.3653069298651048
-0.8034096641738411,-0.9389815726777853,0.4209182841756566,-1.0053118723488588,1.0941669914439438,1.2424939128184713,-0.7814846589618593,-0.953179498015071,0.0
-0.6895497777502005,1.0170209914132446,0.24660218626133443,0.101407146668211,-1.0942409530350914,-1.2142172813593393,0.5978598778702686,-0.47929739755443296,0.0
-0.45553250351734315,1.4229834965161061,-0.6255570351092533,2.171164949318166,-0.1476374145148375,-0.8751547489139164,-0.5060765560786548,-1.3455077280199745,0.0
0.01747915902505673,0.3960865849565602,0.9921368285185058,0.6620742889997063,1.1318119568284526,-0.5935203173475259,-0.6884461387207981,-3.392299993422376,0.0
-0.35399391125348395,-0.5914026678081108,1.9050636405600176,0.10058120872896319,-1.6847289588739411,0.6620053664519022,-0.2100005391102094,0.15579393073158895,0.0
-1.3749512934180188,1.1244191845103682,-0.014777219659844777,0.5391612741141966,-0.4994167610220383,-0.34087441056947076,1.0521534768386704,1.5200035175007434,0.0
-0.6436184028328905,0.7553956956633383,-0.3004787855854223,0.08617684238012002,-1.4269376854269915,-1.519974459585868,0.9079040816376843,0.5220832533528241,0.0
-2.2234031522244266,0.867407411354918,-0.3550287310553741,2.19089801323984,-0.9325702298970132,-0.21653287184982842,-1.0932261824597196,-0.5070599561429888,0.0
0.6252314510271875,-0.6564636749715315,-1.8923618933173414,0.9836361957891795,-1.0124571527438062,-0.7842213825343839,2.799707649086917,0.09647914260523575,0.2847904824003831
-1.6020576556067476,-2.8345545052747023,-0.17781314370301254,-0.08561495423049709,1.250569832543435,0.7312936208403685,-0.32577632458502837,-1.1748201009950612,0.0
-1.1043833394284506,2.1167910214836754,0.25099811600832395,0.25233143138452124,-0.2345380349087504,-0.3432350544551033,-1.1524157289595007,-0.12229235803258051,0.0
0.052165079260974405,-1.6108784034499337,1.0547579251802828,-0.39079799608101357,-0.8633555813417826,0.07077407590065136,0.8882319900487784,-0.42770925305757607,0.0
-0.7395629963913133,-0.03576807186022113,0.9600477411499279,1.209850126410305,-1.0356057313844946,-0.4054724571406713,-0.36167245735435183,-0.8527142320673834,0.0
1.5430145954067358,2.3807453512197503,-0.4164990824366925,-1.4061047713910109,0.1416671648715303,0.43393896823028894,2.1537195078396496,0.40565222980465354,0.5248615413300793
-1.2928569097234486,0.330576756274374,-0.27682299477388833,-1.604738529860987,-0.011135627340667108,-0.1835907634705542,0.8474083554815338,2.5998671643790567,0.0
0.26705086934918293,0.9492464735582357,1.123905305614439,1.4587147496759936,1.344074374673427,0.3251987146870653,-0.1987198463087681,1.6654495064347146,0.14431518389578216
-0.0392828182274956,-1.5023965693817127,-0.17346389707287913,2.1531197925705827,0.5000166958573026,-2.5933885647417103,1.5753068777322043,-0.07207302132209585,0.0
-1.1680934977411974,-1.7776669547337063,-0.5100295397556169,0.4683049076895917,-1.4317977780650375,0.09725087697778614,0.8491152114704448,0.8841146547158617,0.0
0.5232766605317537,-0.5327027919795545,1.3925184494342724,0.11273794123573726,-0.6289807075912683,0.4139136701102331,-1.2288951969348896,0.8627074340696257,0.14658075808124543
-0.1715463312222481,1.0907497344345,1.037585667050634,0.6572676903047773,1.070072512070977,-0.19928005491459203,0.8883941095724036,-0.6475380256858186,0.08478103503144245
0.7717905512136674,-0.34624944764730997,0.018791791774257802,-0.6470535263827593,-0.6210826977013774,0.6693924713925414,-0.5164874419484505,0.6439040735006152,0.3504887662777779
0.8235041539637314,-0.7946363210714987,-0.5937774477786675,0.1712435451522125,1.734572174923709,0.7386070289928207,-0.08332628524667475,-1.440992098506151,0.3552400242254777
2.16323594928069,0.19796728994496746,-2.011880319244709,0.03890870585621503,-1.0982894313247467,1.304213891849503,0.13105444921746154,-0.8052983918515823,0.7502515234289295
1.336527949436392,1.0819352184772653,0.5897036055747239,0.6265642507453606,0.5726133530407902,0.10481160807228165,-0.8790960122662607,0.2387528704061312,0.5675225983944571
-0.3691818379424436,-1.4449401990733717,-0.8963697225521802,-1.5579985281833963,-0.8612155533986415,-1.9138007046699812,-1.3333422788907014,-0.4147876623571258,0.0
-0.2393791775759264,-1.2105429941233516,-1.962732009140752,-0.5070347697653375,-0.5095951329463574,-2.285499448789645,0.36778401092029667,1.7564786430302215,0.0
1.0996595958871132,-0.7886692545093662,1.584820527349018,0.8449956030008372,1.0985816482311466,-1.6018409520745176,-1.3882334986698628,0.6480404345553452,0.38877910852900566
0.6552637307225978,1.0946383747120914,0.6479677910098883,-0.675593827630063,-0.12706716283851693,-0.0379070611841362,-2.575202626769266,-0.3820381211659721,0.11674250465840766
0.640131526097592,0.2348215259487319,-1.1390081931169653,-0.9933613754231354,0.8134522451141071,-0.15730528828056567,-0.8361056043714298,-0.47057971311348223,0.2835747703275274
-1.6169560443108344,2.1321534105704436,-1.214401382959259,2.042072149826954,0.47329059491479947,0.27623985201997375,0.33109242148839846,0.18697060821328368,0.0
-0.024326124398935636,0.9364457258311158,0.8709617821716196,0.03811800017940036,0.7538656835623008,-0.6252459225571738,-0.26988113356996424,-1.0555312886421826,0.01465878629370027
-0.7380309092056887,-0.03509517686967038,-0.8779706165358702,-0.5789181399432078,-0.8881882110855133,-0.7364911715057483,1.2671309406200715,0.5956119532945485,0.0
0.27992459904323824,1.265077838088766,1.2961498675278833,-1.6923704374741084,-0.22157439820400068,0.5550479424104341,0.18375349543168895,-1.3753019499454755,0.01800577633773222
-0.09815038964295794,0.21149701273187801,0.6164593126261553,0.7293463462804262,0.4242526181008702,0.6559244113725019,-0.766309651947081,0.6230101959607396,0.0
0.9101789080925919,-0.7049213525074449,0.5365965205668235,0.6991361537186938,-0.8490728726936604,-0.2566501354804808,-0.4395835504794938,-0.16459473198041277,0.4115742634717305
0.31721821519130206,0.6799748442451024,0.4046954556143003,-0.29875960056993595,1.6295000432323286,-0.0384766582389533,-1.4365413592691785,0.4146135180912649,0.16747853809683122
0.7863279621089762,-0.6963266538610828,0.19145087202391178,-1.1022301909070906,-0.7772280421551344,0.40431434332899113,1.0857972247059309,-1.0125859253379639,0.26682555426164034
-0.46641909673594306,-0.29039710080386677,0.8805111991771105,-0.024549423642379036,-0.3000035769377952,0.5043435751629946,-1.3811000860829576,0.2449852070881173,0.0
-0.9444462559182504,1.327782695957983,-0.45408036251560513,-0.8358560674816213,-1.0065590647942375,-1.1439806995987403,-0.920407632119269,2.412347741512654,0.0
-0.41004969320254847,-0.10128148621739935,0.08595197343438468,-0.9420935888731159,-2.1433080652386884,-0.7195738559179508,-0.16028622042862792,-0.4572167524606647,0.0
-0.017020413861440594,-0.8031413873416283,0.7519465876771957,-0.10321275146170758,1.796918522574928,-1.2305460456453867,0.002353264490822149,0.3173998603290244,0.0
0.3791517355550818,-0.46433769143549164,0.5629897185861278,-1.0513903986600646,-0.20433893690304725,-0.5069066148368306,-1.5026503635097892,1.5055669497573085,0.15589680820973514
2.259308950690852,1.021790585588673,-1.1949868052686603,0.24664895525244618,-0.44791483841554025,0.8123335893418311,-0.9055357952194951,0.7617041448601343,1.0419946217557126
-0.04225715166064269,-0.5525406734167292,-0.500409667304264,0.6079925094063973,-0.19871506167079867,0.5462718669437655,0.2650406022393187,0.4318854841446306,0.0
-0.955945000492777,-0.38687084685064654,0.25280350541915453,-0.8396324471731914,1.4198639721964357,-1.0980979603625587,1.129723358996994,-1.0136892725211915,0.0
-0.34598177569938643,-0.5102927396336285,-0.4080147090398969,-1.3682450953383907,-0.9651066080644173,0.5122667268259818,0.349003562090175,-1.2775883722966503,0.0
-0.4635959746460942,0.18392549434030994,1.7746585609733332,1.561279598955807,0.6795678657650824,0.08584310534245199,-0.025809761590854182,0.05343244068245901,0.0
0.4814814737734622,-0.3854897603756083,-0.39315319475411287,-0.9402702359572048,-0.42378824854947633,-0.4939267070859207,-1.562408733870131,-0.4632358553132021,0.27224866189524155
-1.5407970144446248,-1.601836048972537,-0.16221844757669085,-0.6599427051023377,-0.5966708555383098,-1.4064596551036312,-0.6173423465520904,-0.019058213775291117,0.0
0.06326199420033171,-0.8871809418450403,0.7694301781773039,0.21301716742988736,0.5670582125201824,-0.17482337161776695,0.5214942413110542,0.205656674019517,0.0
0.1565065379653756,-0.9327890415064383,0.33053274323491577,0.599369372522297,0.9882405737426969,0.6799440061159555,1.0809466698548873,-0.6764278388428852,0.0
0.23218103620027578,1.2433193844551549,-0.14527445720476923,-0.2563168936896428,-0.5139029502799155,-2.1630976483961257,0.8893759081552546,0.4941030260139194,0.083619601987737
-0.5973160689653627,0.8126740421090424,-0.7564935288807483,0.46079432770125556,-0.7688491596748099,-0.3961231977514495,0.13807164444560674,1.8585561885911028,0.0
-0.237921729736007,0.587259379399826,0.3015140573967662,-0.400986157896401,-1.1690957473220271,2.2542836988049624,1.204600466649178,-1.0093409873804438,0.0
-1.4240609089825316,-0.5053583172644099,1.0390964403783927,-0.9711706648243907,1.1035037667283756,0.6726367185680938,2.8814607131639636,-0.4695463585209111,0.0
-0.49331988336219407,-0.8157915419939713,0.4790952240982286,1.4263168607870274,-0.575255994806118,0.259832495003476,-0.5938619153826878,-0.049610658679997775,0.0
-0.5428614760167177,-0.507517601657357,-0.7781835214561222,2.488441614331128,-1.8491307272754511,-0.7371851695709141,-0.7631157953450364,1.1404596739405914,0.0
0.4160500462614255,-1.051880102551674,1.7367749569767108,1.6959695330141693,1.4099521383961462,-0.6783298378739697,1.5184829257797212,-1.1863820006817019,0.16458264559246774
-1.1561824318219127,2.497200391587007,-1.4465778900358943,0.14180663915345446,-1.3698595019529423,-0.08328839569996337,0.23546452538541993,-1.0651481043840816,0.0
0.7811981017099934,-2.245321648371402,-1.582685641802789,1.8334353618156785,0.7794605312590615,1.602863629377136,0.1123076884272699,-2.163661012816362,0.2177052041954519
1.4944845444913688,0.5640085350738091,0.9605572244572284,0.35570351572398445,0.18342864666752473,0.4655891908949305,0.39237432765912555,-0.4403622132138493,0.5438503068111791
-2.0699850250135325,-1.2845522979925272,0.2258404786026901,-0.47728627040322935,0.2879154322152784,-0.8721583977708226,-0.6544865051849597,0.6801457660218329,0.0
0.42625873077810095,-0.10434349149469264,-0.5494985463040403,0.46637957438197886,-0.5843752753113219,1.1767869623838638,-1.0347952847505888,1.0652247089781406,0.0
0.6769080350302455,-0.9880019424937344,-1.0985707275553296,-0.09439250641118496,0.36559146022463607,-0.2925942071580907,-0.7771475095483107,0.35715366130773174,0.28588685777809153
-0.637437025552229,-1.1776289624826308,2.320799839280298,-0.9831181837457077,-1.6677798928842373,1.6973464810139491,1.2459462568310147,-0.6009569793824571,0.0
-0.39727181432879766,-1.1401963009349616,0.11709087215544195,-0.898321971432016,0.5880377487398128,-0.5666030246377041,-1.4366406646845815,0.7064716137023735,0.004426180399277807
-0.13288057758695562,1.7549861537420586,0.5342011708457715,0.8020517387405159,1.5570100415321602,-1.003265756903889,0.4986546456485496,0.20431859061611557,0.0
-0.2977908794017283,-0.13298842230959199,0.3178850972381816,-1.846531981664673,0.8840271974263262,0.17462957781357,-0.5576874600255095,-1.92070559892993,0.09562016475234171
-0.3090129690471222,-0.7657021944780863,0.43480795773115793,0.6041367404426842,-2.0195400853867214,0.982326983800298,-0.3533668887153445,-1.228094832615539,0.02902548569868893
-1.6760038063299767,0.555786964082873,0.5400944605248059,-1.6295836027484383,-0.9842090022728482,1.0374447967309102,0.7429509766083332,1.511865305196297,0.0
1.15233156478312,0.010349314566299353,0.7324240097548762,-2.121176444902436,-0.1877949219748069,0.15919176666881152,0.8439889133578954,0.3222050829752719,0.3823659866565528
1.079618592036821,0.7200337593416528,-0.3752224007606727,-1.8388466037584985,0.48693730493993265,-0.9880966879686112,0.34297653786693605,-1.3747943885085796,0.3756222743065831
-0.8133642592042029,-1.82425665593783,-0.2916419863518446,1.9667639719347398,-0.1066526736602251,-0.5053407218978849,-1.8731196623660062,0.8199531080617848,0.0
-1.466424327802514,0.3036039044620014,-1.7410228083589014,-0.196233964943542,-0.4932143871104978,-2.0182818683542165,1.5709647086757912,1.0614349597626391,0.0
0.5210648764527586,0.7726948371023817,-0.7803044065015394,0.08658318016541909,0.5953003076922928,-0.9131215375688202,1.3101965171995604,-0.43503402945969205,0.16906565818888042
-0.5757879698130661,-1.6615982911145637,0.2711127964467149,1.4192550459109512,1.1641517662249663,-0.17845681489726312,0.09143683319114727,0.6576820963867857,0.0
0.14195316332077967,0.44819528442331247,1.0450233755026905,0.9341797484997248,-0.23229400718659735,0.38900214065347916,0.010257816959411624,-3.740100637951779,0.0
-0.3193284171450952,1.6961815728281606,0.5990395263761841,-1.3915052694042196,0.7289298673852393,-0.3394543214647791,1.801449208620155,0.9735767951881575,0.0
0.6915387510701866,-0.014857703354702717,-0.34069234387793046,0.8690063428187611,-2.5790507451894746,-0.05697905497773967,0.9472242712937278,1.1751553919198752,0.31093431138965155
0.6947491436560059,0.8214059370248112,-1.2631729120851543,0.1841812647035463,-0.9375093861087292,-0.39618544474981693,-0.029294403574919636,-1.1247027147637332,0.1634873494936303
-0.7255973784635843,0.6705704503109099,-2.7773591454274333,-0.3416780975958806,-0.3212589370580095,0.7510253041897702,-0.29233867585114426,0.2820853995153045,0.0
-1.3833639553950554,-0.7075056975105769,1.151733974780799,0.024290914137780388,-0.48856622075462575,-0.8991129384265388,-0.19353711101102694,-0.3381205430474389,0.0
-1.582938397335082,0.03976673458649517,-0.5892289865101498,1.279812020628022,0.33279821740445475,0.8375479141463265,1.1772320543971655,-0.10252948077082732,0.0
0.6103793791072052,-1.5669947108616025,-0.44846500620405927,-0.8859664820409529,1.0137505474982607,1.9608808125139106,1.0399917847066875,-0.4248804445350682,0.25372983635278257
-1.188859257784029,-0.4513030371025261,0.13157396790806872,0.40088567910412115,0.5066690260283885,0.4727896560219311,-1.6134230114988033,-1.3322954668548208,0.0
-0.5068163542986875,0.2656879749662359,-1.4055600473918899,-0.009657236532908346,-0.6222254717550558,-0.5270916102240418,0.4646423988660639,1.8904037030816556,0.0
-0.5963140384505081,0.7231004937377982,-0.3497821801115369,-1.7971646153956184,-1.522768090504186,-0.5362701440867851,0.8641213313776074,-0.3103108495792165,0.0
-0.05256729626954629,0.024612125247911617,2.023471949769974,-0.8022531717308108,0.556964120578887,1.2098372221840976,-1.5064631659717183,0.10475504426223023,0.0
-1.936279805846507,0.7199837301431654,0.5053869385773427,0.19321355323369646,-1.8381767396700122,-1.1265894258719975,-0.0029647514383226645,-1.0094005802514316,0.0
0.18877859679382855,-1.1029062129553697,0.3592491565134564,1.2973420890928906,0.6530372834064285,-0.953804420272564,-1.777043606376519,-1.0368671611243467,0.04235374919607942
0.5238910238342056,-0.1016972745548716,-1.5824944779817585,1.0013310173467296,-0.18844908213006825,-1.1644484538704645,0.12949283594138686,0.4125984150754998,0.14022552007120115
0.08842208704466141,0.019279384513077216,2.2436018945826404,0.597212504403425,-1.1758349879382288,-1.2785138405206862,-2.083234501912948,0.5263920801511129,0.009317538694697904
-0.3108861716984717,1.8495912466796365,-1.4227949086263427,-0.8152756611364586,0.28725731246679276,-1.044816319379857,-0.6817455237079176,0.8779241693247446,0.08774177185550526
0.09740016626878341,-0.21416665620008424,1.9223247554443985,1.801213990808535,-0.0028761026590009907,0.7899049417854931,-0.6110659144951346,1.1037740024936882,0.0
0.3990463456401302,-0.4990166379941829,-2.1150560151878075,0.21524046763961147,-0.0365972929162469,1.1022825645880243,-0.7088498201426061,-0.21020754050076193,0.30341263866606594
-2.77259275642665,0.02135122384354861,1.4053654387244203,-1.0063655216785503,-0.08422329652739403,-0.6970730723601831,1.4515280169745666,-0.4442030639929489,0.0
1.9559123082506942,-0.9191134448699437,1.6180542690002255,-0.182904980856951,0.4195241084261415,0.20733404604568986,0.5355105697391037,0.7468138328489333,0.8507147051978349
0.39009332268792646,0.19275384906521617,-0.8244091213278346,0.8962484253561593,0.9244340219585094,0.7591566751082341,-0.3995688603234003,-0.6374392034304347,0.1563483709122995
-0.65240858238702,-0.36505521654625767,0.42258037227288275,0.007617498318158107,0.49661519848385155,0.10056420309716296,-0.9330778408941012,0.8717584958978293,0.0
-0.3909533751876011,-1.7913275480411837,0.547480572104665,0.886864686582761,1.0121331898223096,-0.9549427576172389,-0.2387763168452323,0.37450028724228906,0.0
0.49374177734918845,-0.05858655113386085,-0.8137944832313059,1.1036939574621503,-0.04413971884780624,-1.4704017351380814,-1.0291129682993152,1.1550264345834975,0.14285079779844168
-0.11610393903436653,-0.31754309393019925,-1.4491176107369304,0.40053068459870617,1.6184593242319745,1.0104275531255087,0.9730800041496649,0.6703916888478308,0.0
-2.0306844677814944,-1.6324233020679833,-1.3177173431407654,-0.857702623046894,0.5711098221298226,0.4961794122883805,1.996766001547786,-1.0544458238911605,0.0
2.0644928613593194,-0.06713415461452177,0.5410082199598076,0.13545466318998053,-0.5436940296827768,0.5769558933986538,1.0531998980821111,-0.8656336415860264,0.8048200863461389
-0.11054065723247261,1.4893559620744803,-0.08511560251940574,0.045165855938831004,-1.093895056734405,-1.1076469009010301,0.3316903455451489,0.7324852970073881,0.0
1.0201727117157997,0.5213037482757137,-0.5643010333021604,1.8593463338516283,0.20579680373407996,0.23497719288905192,-0.16562878329314595,1.9070558424177735,0.5500919659577955
-0.6920498477843912,0.6119271927311578,0.9667680111664602,-1.62632193782683,-1.3065215229226008,0.6289995874568216,-0.40510628946146127,-1.3228117007830182,0.0
1.5363770542457977,-1.3414967255830426,0.5080679093914777,-0.13482245109435406,-0.9733759675567485,0.31403384364714554,1.745284572687594,0.02321160432527294,0.68808731123063
0.28634368889227957,0.4768983689222224,-0.7554627263656334,-0.5840935467949193,0.23908708037359924,-0.745023216807689,-0.5759356075215347,0.2816745574804912,0.06234471384269786
0.6088438344754508,0.14844958138007808,-1.2012015190173893,0.3351056201959989,-0.6078874462819541,1.0122605100653357,1.5610985568957498,-1.5257775118655468,0.084318031213831
-1.0452533661469547,0.5290452383344316,0.5232617386880769,-2.437564359199356,-0.9333162402269223,-1.527631948178774,-1.1315392420201487,0.47812499636301325,0.0
1.2111452896827009,0.42262862170882565,-0.5375833685580619,1.11492455949028,-0.034475046088398256,0.9287419248069415,-0.29623165439820726,-0.09312279204743792,0.4353028786080938
0.6898181645347884,-1.3597807255038137,0.09920486253150243,0.013748487335533657,0.07267789910378988,1.0810559440870733,-1.7140565927207858,-2.096557481215648,0.33888841478445925
1.3018462295649984,-0.04140081155796743,1.5762989726277177,-1.8447011636280461,-0.20583402521873762,1.5723303175352248,0.15923420122828,1.6217279782495952,0.5849171312589654
-0.6280875596415789,-0.757870860425166,0.5023282400747796,-0.3611131347398661,-0.37754691905928855,-0.3424921902504429,-1.2637276218762068,-0.8632082190710727,0.0
-0.4810271184607877,-0.05008409428482209,-0.8622669997532367,0.6089623416545242,0.8546427287124486,-0.9994300165615205,1.6650494067904418,-1.282503414295042,0.0
2.303916697683942,-0.8974009269018305,0.16066118981977281,-1.5914478754580315,0.3424273512868276,0.7938803623083801,0.41227227166106994,0.4201416222116938,0.9291929900811524
-1.0600158227215473,1.3124703671409963,-0.9526449528153877,0.003222216443155699,-0.22342611219469602,-0.6992152790869743,0.537396746876818,0.5574867959048965,0.0
-0.13594970067832082,-0.8589723884443423,1.6085221559487237,-1.05747364780153,2.4643219335153654,0.043995511443988784,0.28267844916477,0.7364114036962718,0.03109324637590933
1.1368913626026953,-0.898942156465536,-0.5615787496032209,-0.5559850318789673,0.19383173692841307,-0.31746221716007195,-1.0925408143911377,-0.3860033622093118,0.5735459350770595
0.0977249677148556,0.07458640654355353,0.20727074697361864,0.02673838267463693,1.1320051336773298,-0.9020719714130848,0.124118287733827,-0.010914337890909745,0.14069272634581276
0.5829536797532936,-1.0770990694039948,0.307732574679432,0.1834502535815763,-0.5609810031317565,0.3209994661848916,1.8370806878677441,-0.7308067631738654,0.20249417580245305
-0.3994490292628752,-0.4246633024328657,0.15925046837370244,-0.47074249818272723,-1.3629409472080096,-1.3920159165580357,0.008554926006310748,-1.310197305632208,0.0
0.37005588784751875,-0.8299645975379619,-1.9585489551365387,0.27279638953026414,-0.7917565156434644,0.5922056816440394,-1.0170162016248128,1.0791306490542358,0.0
-1.3065268517353166,1.4111720638896117,-1.4464210639833286,0.8179776072548057,-0.26800978339811193,-0.9669310884567346,-1.8523426566950363,-0.1027626850177936,0.0
1.658130679618188,0.7858038268311726,-0.4523502755690917,-0.2789142751032398,-0.496608209729517,-1.7317313464679263,-0.7133269903920768,-0.18231425542295646,0.6993525084208009
-0.11816404512856976,-0.057469518465394644,0.31943183333153063,1.4315677574492909,1.3363861823227936,-0.05010745879029284,-1.7622288975408782,-1.999267591995332,0.0
-0.6801782039968504,-0.39121705217401626,-0.13777921428577067,1.4622141707804195,-0.12004112209610802,0.43163385281122324,0.8305173690425973,-0.17837110428033612,0.0
0.6663830820319143,0.9409176145751134,-0.9571474731510168,-0.42870206558582885,0.4614688774411399,0.5769345970532244,0.7811672661822455,-0.8424944970914492,0.3970305514379917
-0.4607197873885533,0.40520408032288807,-1.348424319121701,-0.6378405564735843,-0.04648115603289032,0.8183537308271613,-0.8756818272205503,-0.1746136531498163,0.0
-1.3342584714027534,0.4980524046828567,-0.4015575444993436,-1.6641729851661735,-0.43355433273316757,-2.3536403996904136,0.613981308469426,-0.219244151856873,0.0
-1.3467175057975553,-0.026192237344250482,-0.46847604467972315,-0.12656933163938985,0.037996013453515,-1.0051444309566715,-0.5764546529569822,-0.44646479133296285,0.0
0.6937731526901325,-1.6882300277714322,0.5128364575927566,-0.3634377801160514,1.7140514697707319,0.10665229450303212,-0.04561428277485917,0.9388386429111392,0.3809197990077601
-0.1595734381462669,-0.11246598255955272,-0.3263184621583181,0.7790512201329916,-0.7679485917368151,1.5190032799361455,0.3719555515649784,0.4470541523241566,0.0
-0.13370155966843916,-0.5324899192090677,0.6027076564293296,-1.5096616060682988,0.7669904505595512,0.7837444936747278,-0.4439600090394923,1.127154514471546,0.0
1.0777438059762627,0.6450552734598769,-0.5946497697204054,-0.27739139174310984,-1.0260072516257819,1.9013400518481125,0.41820334865311676,-1.3248273699597244,0.4202216682298132
-1.1268258087567435,1.011842432994189,-0.2559576692142683,0.9687443931111454,-0.45962644226943894,-0.524939422913999,-1.6857280504675516,-0.6489559274478152,0.0
-0.7306777528648248,-0.6579510447611686,-0.3480463796426194,-0.7303570955579599,0.003583205954583647,0.27441699528200864,0.11747498798796961,-0.04028081832228678,0.0
-0.38487980918127546,0.46838523427705164,-0.7823669669020897,-0.7623615367276093,0.3263750897269907,-1.099970807569307,-0.03495202238773435,-0.4066389699034341,0.0
0.094351589317074,1.7358789976857132,0.6251186564337302,-1.4469403347558085,1.483128627973814,-0.40435221962399975,-2.0463931362481103,-0.07925772549673786,0.009929561845232485
-0.042171451290578935,-0.667712720570559,-0.813595997094507,2.6205738460182393,-0.050082641464535414,-0.7352957182829736,-1.8096901927314875,-1.182103399308323,0.0
-0.2868871923899076,1.6819217400731377,-0.521641509970619,-0.7474731780653794,-0.8436156065359265,-0.6339886593167213,-1.859523605626927,-0.7161780572622408,0.0
-0.0616264020956474,-0.852585847170647,-0.07311964594819724,-1.3003468322183391,0.6500419730507697,-0.3934491211856633,0.41430683392395123,-1.6415539548520128,0.0
-0.10730527629117469,0.022959755607951444,-1.2973796559567399,-0.80385040403152,-0.36416980891575595,0.0027175398906808907,0.12395962687166076,-0.8900255517732389,0.0
-0.7196043885517929,-0.011145611841841251,-0.3249349583204991,-0.7742950804868045,0.23868157093183537,0.022212664516484088,0.2739575771740403,0.6941767203920137,0.0
-0.8129929885540773,0.011498899870062375,-0.7113063597427886,-0.2693897784512403,-0.11622243953775185,0.5434534395827254,-1.3263784925081614,-0.21420688476595026,0.0
0.2745163577239395,-0.8376780419079453,-0.3881541924822496,0.8253722320875148,-1.9434568512868227,0.13998846738685936,1.1389738106662652,1.505753238757508,0.15399349271493135
-0.8909150829955279,-0.5911831037644297,-0.05992800267109062,-0.2983231689958337,0.5082991855939731,-0.34404562884962536,0.9828412198173899,-0.5955338743056791,0.0
-1.1573552591908536,-0.6677202863593994,-0.7999136231406647,-0.9228233149968279,0.5833680068212987,-0.5225785415319466,-0.7669630350233283,0.11907108087232941,0.0
-0.3122922511256933,0.3269625954044574,-0.2200757798203556,-1.4513384981910251,0.9266047683086054,-0.30713172015868406,1.1760602764537964,-1.2132523301524183,0.0
-0.1576670161638159,0.33003511451031164,1.3086687523521792,0.02185735821987137,1.8004627624602276,-0.44903714144696555,-0.2509223967811601,2.600671870417404,0.0767695126284544
2.2567234972982093,2.225944331738259,-0.02579855825448711,0.04253907402979072,-1.1951037734634757,0.49097105518197964,-1.7762050240100316,-0.1786205987004569,1.1116504445189757
-0.7047002758562337,1.3709890062911214,1.1452621730192247,1.5309323510288246,0.5165074442817594,0.8655251906712624,-1.6326947661508926,0.829629840299415,0.0
0.9432607249694948,-0.5098432421384791,0.3464944420067607,0.09244773546980858,0.40929499664095537,1.2740445379470846,0.7337234878550057,0.4133850208671531,0.33802847011167714
0.7471883342046318,0.32486961579618606,0.7741606098188164,-0.09900831128407737,-0.4190819928078221,-0.7977027599404173,-0.10404881066897927,-0.5838788148392763,0.28295237931180245
-1.188944955203736,0.9971179807917595,-0.7744589687708259,-1.0506538365874896,0.39710623644977877,0.46937222533875006,0.8812249464539313,-1.3309012815356902,0.0
0.7732529774025997,0.030601824338517807,0.10490716508551272,-0.3059525750983919,0.499646955111966,-1.3946796415926757,-0.0883731247324133,0.15614312453880735,0.2585318773673823
-1.1838806401933177,-0.06964157844693558,0.1339129226154759,-0.43847445803460605,-1.218683829977197,0.37317471825257814,0.2676708933607786,-0.5567897443633333,0.0
-2.659172237996741,0.05157494276988904,-0.6126257388749357,-0.37016416451370254,0.2462227612764322,1.0826722820910646,2.1235264229801736,-0.15550430149173192,0.0
0.6063195243593807,0.8672766288084278,-0.8228283242942818,-0.9592553926405882,-0.9179843060046156,-0.14958950166699497,1.3968490876314008,0.6513020587973822,0.34958841520253003
-1.7558905834377194,-0.8483205228052325,-1.4902653879072982,0.5383296032761768,-0.6518564999305905,1.0726360472588732,-0.4328272686104105,0.07824115584037943,0.0
0.45093446180591484,-0.32566946882017417,1.496139636951632,-0.14244541750936937,-1.77474481518865,-1.1385678703154767,0.3749687247031265,0.37711629736859553,0.0
-0.6840108977372166,0.47043314484648185,-0.9724028893524976,-0.2003534800049874,-0.47336092550247877,-0.8886452830916367,0.49444544306178945,0.1500465760557719,0.0
1.6595507961898721,0.3114470715541555,1.3462210732223001,-1.7140461160489964,-0.20357067147347696,-0.13580984264368653,0.7613911674961069,-1.4672493326505078,0.6326153989427379
1.068509399316009,0.23958275985639133,-0.4674931736578535,0.4936440875248639,0.5498568672963908,1.0222103545858243,0.07100880518802974,1.3960621957013388,0.32981166001358314
-0.45338580385138766,-0.3698011663038032,-0.8624932997247339,0.48701532598037944,0.0008999266711071547,-0.4174294563419882,-0.49353185049503623,1.1758522964347529,0.0
-0.6878376110286823,0.9725357891425369,0.6225191403049977,-0.8391294028422137,-1.5422881507996786,-0.4535531009087746,-0.003622817236501294,-1.1361648542567173,0.0
-1.2140774030941206,2.1338682472045374,-0.6311919417468571,0.9901213838791937,0.8621480568842673,-0.9916283583780207,-0.4802871094783759,0.5053006114271711,0.0
-0.4409226322925914,0.4064154936762062,0.5684589189242769,-1.3647582300824324,-0.11858662355009231,0.2028810444426216,1.683367281239793,-0.6620242701618574,0.0
-0.2803554951845091,-0.1931767015498399,-0.3328117648522096,-0.021869908789079875,0.4883705904296574,1.2466951408944356,1.2407262388353224,-0.7469163370632707,0.0
-0.3646935443916854,0.7557402888945426,0.48042449611778676,-0.2712073398901639,0.9659361184597012,0.7006801090936924,-0.20361501887938824,-0.004841661335047561,0.0
0.15670385527236397,-0.53913263675299,-0.9681860639071049,-1.3171747888057943,1.4226047489690348,0.6966506543362647,0.4282922606938115,1.7476682304976985,0.0
0.5785214977288784,-0.7496903447028966,0.8313510579847683,0.18970261207999575,1.9612269893650154,-0.20697447492366403,-0.1654592642356894,1.057957561481885,0.2062843543736994
0.349654456993174,0.0328087476137118,0.4879726826630046,1.7025701522417913,-0.07223875867166796,-0.5633093592639145,1.193241135968212,0.6052213583318579,0.10157829562818183
-0.764143923906443,-2.5827966329699446,-0.9196506900626618,0.06763423006691976,0.31112444609365353,0.6772459164163702,1.0488805164179926,-1.1506056357540508,0.0
-1.4377914738015785,-1.1539503636520094,2.6429357210147417,-0.46302175410905094,-1.0783610908167798,-0.03191107563414087,0.568610832710887,2.5544494187513775,0.0
1.3645318481024713,-0.34796185592084583,0.540123026400494,0.44702415688567826,1.061600170035261,-0.17360823571938175,0.8712642696145259,0.8737310456606763,0.5140778511590858
-0.6894491845499376,-1.3533888581477134,2.2904670705305388,0.10571999546715494,-1.1848874445717696,0.8982406224036156,0.6605708080415787,-2.3488374199151116,0.0
-0.6522935999350191,-1.0326431018921296,1.6002678187487591,0.027762131625501486,-1.805251688630421,-0.1977874516727299,1.174061853808299,0.3994743352084918,0.0
-0.5211893123011109,-0.4367483374580074,-0.1888347802177838,-0.42554221277144805,0.8303860053403918,-0.8377762593852057,0.5311313733291978,-0.4886947159180835,0.0
-1.8430695501566485,-1.6429652935306092,-0.4122717546045429,1.4219755592924648,-0.5216965249478154,0.9091884953309661,0.15190052911452315,0.4099823559489672,0.0
-0.4779740040404867,-0.4060717962598319,-0.4034591834208012,0.4563633634807854,0.7776072813422404,0.08071989043386668,-0.5772256235992381,0.4006403668095266,0.0
-0.47965581400794766,-0.5352701645328445,-1.8300285504278102,-0.5286706589354886,0.4080746493461687,-1.037029343848692,-1.571750737493182,-0.9185190764701048,0.0
0.6203582983435125,0.025405208385016018,-0.6958351193495473,-0.10800383678095793,-1.6300026510237087,-1.1129058948716162,-0.027848380506712504,1.8258857523076941,0.35539340406578035
0.698457149107336,1.1541840304940192,0.24676602397997058,-0.7408667042040726,-2.7196793643226145,0.09541187582686682,-0.7410555334041294,0.1997846214194241,0.18479313699720207
0.00377088908626934,0.1725044164928659,1.5259575608848084,-0.608291150081495,-1.0966017470927192,2.337409661478276,0.060009066957123644,0.9413479065104091,0.10596915800554356
0.9318483741143037,0.021062021342063624,-0.7727718829782021,-0.640725724190199,0.01649148698086454,-0.39282060354620846,1.1404884241870903,1.3514235647482031,0.6017021349056257
0.339964983801262,0.09945445703071175,0.8820565993630106,-1.1343115937222275,-1.2217763346947719,-0.3362738590855785,0.17282467544035315,-0.7381575979519863,0.11173036757027854
-0.01568211160255477,0.22739277512112846,-1.252593341503319,0.7772769637679554,-0.6527614493487129,1.5237711976170534,-0.415001671109624,-0.9117684848065235,0.06583034748826776
0.16092816829822298,-1.016738648609769,-0.5863200252111324,-0.29104146327302577,-1.4589407305973254,-0.05728119979051539,-0.8531286248616412,1.1219073488477662,0.29430930731724847
-0.19065349358139935,-0.11477532477079817,-0.45764059428952597,0.5541275783267697,0.16987795979692444,-1.4484668632479882,-1.430135207423932,1.392837432756857,0.026768165326809465
-0.3948495140334503,0.3087512418366131,0.3718110814974935,-0.6701258977272965,0.09082592703632521,-1.5727964525481732,1.3328053353574878,-1.377018570791137,0.0
-0.26773353689396645,-1.3707599825430605,0.45730964672081126,-0.06036249439233865,-0.4813926240476333,1.2266639737874803,-1.7766910189292493,2.011243186157662,0.0
-1.1280113314700069,0.8656529228158533,0.9623417448143452,-0.7110405967911112,1.3970653013137426,0.6663545422501889,-0.9347830262310605,-0.23550331433385294,0.0
0.280441705316296,1.0813760344581897,0.7708369604049367,0.7196681705373317,1.4977150273195634,0.8261257084311929,-2.313201933697067,0.6917845285123844,0.15137359239036352
-0.9931236109295807,-0.6313759884493888,0.24316821540249173,-0.24841930670503823,0.565267202536451,-0.05775655837871275,-0.3161415757497162,0.5643882091047265,0.0
0.8416312640736364,-0.24133779145310455,0.3903649435086224,-0.7308735859513859,-1.7997711814667445,-0.7267120259827976,-0.34228455976058164,-0.9713423198333271,0.41560326027003064
-0.24945858016094885,-0.8781903428100731,1.5885306910975325,-1.6417032288097841,-1.1046901472056094,-0.21716311572416697,-0.4042944206294937,-0.8640481389472264,0.0
0.04949498165009074,0.6993804835878171,-0.5109261812322631,0.2756665493407744,0.40713033108324814,0.13603121737437676,-0.06312989997640252,-2.083592339294925,0.0
0.49383677628095635,-1.0612222874459092,0.7747283190671621,-0.7083850523381071,-0.6285575802445897,-0.8383111556987011,-0.8212650744177591,-1.151150135626561,0.304161951975108
0.6433144650629279,-0.2224770102429203,-1.8081439264982515,-0.015779217120995174,-0.4870914317118235,0.5614499095511267,-0.9136556404887338,-1.4824759607426239,0.29521181889031556
-1.5706234086334527,-0.8589199078076716,0.4113342428976086,-0.4917301080135276,0.89896739458806,-1.2595961687997215,1.817826413261076,0.04019051577029376,0.0
-0.20690367616397173,0.050954277011289496,-0.4832495424791074,0.9541895808987649,0.5108748218924175,-0.33275876457522374,-0.33406294836337086,1.3694021527220819,0.0
0.8801789120807822,-1.794229271489721,0.002571182431510025,0.544144752358008,1.3141544338139488,-0.2040078724765029,0.9076586249467652,-0.02714493066647462,0.40736956607887376
-1.6981058194322545,1.3264616423656934,1.0400862450537032,0.4472120874548315,-0.42920929664647733,-0.6910198131753685,-0.8367710426529883,0.3388541621827366,0.0
0.3872804753950634,-0.964606424206264,0.16464380952639762,-0.6161211233234792,1.3752254204468972,-2.205505355019822,1.6127285947520869,0.7780035433679287,0.12622866933856933
-2.2555642294021894,0.05989468311627605,0.8851875412089273,0.4662900435501895,-0.5541312470844857,0.44786966411125256,1.5141821310077979,0.6797094410202996,0.0
-1.0225068436356035,-0.2125230447703092,1.4737648151384048,1.714831608676043,1.499491490138763,-0.7557507604402671,0.23101868221727617,-0.38583150011150147,0.0
0.0386305518401881,-0.7621145119224981,0.38909396886572056,-0.832186034150062,0.10583464361677868,1.3257079593243715,-1.0995315929694833,-1.4633450608335004,0.0
-1.6567151023219537,-0.8877801366359354,1.1710410646204883,0.17233913922918878,-0.860509747109608,-0.34198227768405226,0.08700138572766068,-0.4298055100406509,0.0
-0.9855107376841507,0.9363985435524596,-0.3265609776792077,-1.649216974417132,-1.631219507653533,-0.5413595884312206,0.04730450004105715,0.06295935526390484,0.0
-1.4718350074635869,-0.5256405931019397,-0.008209882269614045,1.3985620921255355,-0.3014723148616932,0.09152194677887708,0.2396239140894969,-0.8716452127708096,0.0
1.6481349322075596,0.2711701846373109,-0.522619416398478,-0.3979120985908414,-0.2562326979954389,1.053439748630448,-0.9782206161996707,0.3619607107010485,0.6331979884783114
0.16422775548733395,-0.8014968853943748,1.042977594646376,0.7825788808419775,0.8576619101224521,-0.5634076631181697,-1.5230001361792946,-0.2927120959421425,0.07858680725413306
0.5672902778526694,-0.6471814318477607,0.4140913537935951,-1.723228250716323,-0.11059050280820729,1.0147376948297768,0.1623630373820347,0.6218215275108925,0.10614946766883523
-0.2226751005151545,0.47224715008784873,-0.5072344618949226,1.7975393871259047,-0.4324319785784447,1.4403036410176226,-0.010291316333718412,-0.803239476184825,0.0
-0.35343174875719907,0.9304084961111163,0.1546688336463322,-0.35687152802559846,1.0770374729475365,0.9903228106559455,0.0020750219193663992,-0.9219676593093837,0.013955565511596657
-1.6164741886510325,-0.17531640232701995,1.0415683888185818,0.5456573234700275,-0.22482656127015146,1.6264314909922573,1.0268005788509675,1.7740563377039371,0.0
-0.2918373627478628,-1.4219198716404369,-0.039267991037953184,0.1508182063325938,-0.5762418162269032,1.2926460210124688,-1.4751604830313656,0.02875623771368626,0.03679940930433463
-0.7614922118116233,1.9979560797500047,-0.9489328108497634,-0.2554707861877694,0.5746089172925728,1.5148822938930058,1.0106937159878049,0.5529638493955362,0.0
0.8579239242923363,-0.8565493082342095,0.1319117557874122,1.6857923026593036,-0.48982821884726685,1.6043263194156412,-0.743227540017318,-1.0984222528921528,0.3254912983842851
1.1411018666575734,-1.5415873996717875,-1.9805655910689397,-1.6480462063661798,0.658802141691513,0.2080695296299638,-0.39522206585005965,-0.37726445548212595,0.23651534213025738
1.4665787155741776,2.594424587768152,0.768770644399475,0.29871365999200894,-0.5969171117831944,-0.4292238995721983,-0.8257793632512705,0.6821694828076149,0.6595603609499575
0.852551939461232,-0.40403229385093714,-0.4213275873246805,0.9106456722299703,-0.22295918297037942,-2.262243635243806,0.08961985783925162,1.5656158596460847,0.451076599789362
-0.5986539369229861,-1.4617326882614081,-0.46931073627910674,-0.029856121636366265,0.15217697558826634,-1.3227331195217957,-1.9058178747999275,-0.7244850747995447,0.0
-1.1158969859603944,-0.6834397667886818,0.8756956787795067,-0.1181707843665918,-0.37412632026430587,-0.4482827991587956,-0.5680857202871936,-0.8029174114389668,0.0
0.7666631816450861,0.36754489602226903,-1.3651628772251687,-0.14268771207346503,-0.01345146935738968,-0.381735087240566,-0.5157565452853529,-0.02266894034434761,0.3879689104574305
0.3562928174722889,0.1903115575939397,1.9470986428203578,-1.227636420410408,0.81547196924006,-0.1527944634020866,1.2639302023631946,-1.524395149748862,0.06888741799937796
-1.7685384506770307,-0.85172919725359,-0.4802420417382233,0.03812738409493465,0.41060179132004765,-1.0007604902487501,0.1506981437872181,-0.03013330647762648,0.0
0.35548179274376907,1.8227236001279594,-0.5232509433848951,0.5127175234723987,0.4809698500346235,-1.595777611441314,0.695518311496303,-0.06472838461539308,0.173902533713832
0.8145198224878664,-0.5215796779933731,1.021224743167163,0.06859922748066052,-0.6354304386192672,-0.13022316646672621,0.005938814386502598,0.7247491503292603,0.2651827941966649
0.05892558918162996,-1.184686590411552,0.7086952731104266,-0.2722761011450806,0.852829768274368,-0.1894179288117906,-1.0489003714627145,1.4146097426889708,0.08467602408061681
-0.18505367100934153,0.9606933984606597,2.451229719075076,-0.48972502237302673,0.6695623405090826,-0.807554041549866,0.9072048681832476,0.5698443178000909,0.0
-0.8076484876163557,1.3290628465396823,-0.21120598363152,-0.27929666927837216,1.0044191922616248,-0.7421521616503846,-0.8454413420675675,0.7415510509596893,0.0
-1.4465346995633879,-0.8174930976162265,-0.12040663866440973,1.2577442174960383,-0.7263658321861022,-0.9401565918724067,-0.5262433407727581,0.05227895113430126,0.0
0.8002979493400275,-1.4013472930393105,-1.4793159799632536,-2.0866349794205425,-0.17245859668145705,-0.39652373901631777,0.18209977880956646,-0.3597445764761596,0.3267042976460257
-0.3091144447717088,1.0304382674156047,-0.33210227734882514,0.040071456547775455,0.6335339024604004,-0.8563028269952513,0.945538789447106,-1.9959768691567643,0.0
-0.23346666154369272,-2.0473236130579617,-0.7214312955717558,-0.32775491729641676,-0.6088151174171313,1.2598753315170155,-0.20138454328274422,-0.8862208191746166,0.0
1.7327211869191332,-1.2266216593966155,-0.44876701310549916,1.4558079518368434,-0.22612246976395622,0.24099673204512106,1.5105247319832755,0.2172666846933302,0.6033647716993954
0.6845011068591904,0.967446150050235,-1.7441877565539552,0.05549222544380277,1.925805737459527,-0.9723179180265172,-0.5714784150520992,-1.645593723789992,0.13058011282997858
0.3708250012811021,-0.05535254802238957,1.660607559894514,1.484925598699954,1.9517610122678137,-0.28044778146745414,0.6655892869546318,0.2428898227832702,0.2823730323102037
0.14206180518723566,-0.26393734859268786,-1.4166034824256406,-2.123890018045559,1.2399405498273601,-1.1802856063511906,0.00361630095070307,-0.4008347102679511,0.09103220598257136
1.5199948607657727,0.35281660649437835,-2.802202798391713,0.4595849048340562,0.9385851362497682,1.012168295174788,1.5466718382124196,-1.0215598525816902,0.7150607773496258
1.7195893074161945,-0.15277442354540868,-1.1884244215830193,0.28005786003768013,-1.0192511495051295,1.3841867245808201,0.2144060132609824,-0.470024316655003,0.861742226505104
0.9295051114795281,-1.2986867221630902,-0.603839552796151,1.390533967073938,0.5125622314261223,1.2520019827530313,-1.877312818056097,0.7287815212615996,0.5024626469374944
0.5822245913979243,1.2760753460061875,-1.1495540632571182,-1.6413486088230291,-0.3591165950658852,-1.1446926312425976,1.0883352098095076,0.8855011096194775,0.27785151570868294
-2.0946030712061448,1.3250140528868153,1.0983035407325124,-0.1550358081183258,-1.0585718976053677,-0.09126701972617592,-0.08154851334052744,-1.9370214074492393,0.0
0.12372191423350658,0.2053325637779597,-0.13783917859609385,0.06606026178649259,-0.50900583859132,-0.4015706755129159,-0.5530619110683829,-0.14948401214867044,0.1244187211940226
-0.130106954193704,0.045134015432010274,0.025385604406458987,-0.4957954945452093,0.11566507404634657,0.5620131059141816,1.2229647619208388,0.9138846582835071,0.0
0.09395322938556872,2.339624806020058,0.6103917643054128,1.2165777137429403,-0.5473555742986664,-1.007909803283898,-0.3313086360295018,-0.2578948596093573,0.01151617768456241
0.9430460873225178,-0.2764328450158372,0.28601252697811796,-0.3386821854453976,-0.5507994257068402,-0.6758916940010166,0.5999867431623418,0.10881527091421338,0.32569859783362565
-2.7396771671895563,-0.25957698183403943,0.978567297446043,2.0347625440211536,0.7920414984229742,-0.41321702835180807,-0.7683833192976774,-1.4954108752602695,0.0
-0.5693120534701851,0.36448124924050557,-1.1094775536361452,1.0541779089389227,0.14410648512323182,0.1532884691324239,-0.8361301268279877,-0.4800336568182954,0.0
0.26990435494076137,1.4713219561423383,-0.5475181006794317,0.9508336970037996,0.23345807966231802,0.6941287081378864,1.8105817605836112,1.8287754293882255,0.08045086959728212
-0.4668455460527625,1.5927707544174836,0.6659671460695378,0.5592989813908843,0.11187239689629835,-0.3287276927366078,-0.7870327372626857,-0.7880680345153491,0.0
-1.4169061131262595,-0.25857263167677125,-2.53455446208423,-1.063695591025548,-0.6757031433716509,0.6639650755262219,-0.5847709364174684,-1.4406323431960173,0.0
0.8689634868967954,0.30833124595934525,-1.3751844793172407,-0.4310963375107571,-1.3705719179606883,0.8220763567971378,-1.708320791867683,0.14947175855840594,0.28406775490509784
0.27687190584612803,-1.3780834670640771,0.5009922321799466,0.5727513668572158,0.31056471042047845,-0.21321523687182103,1.629982244007823,0.7886293330657389,0.17111643103415944
-0.9711045704444846,-0.31197610791621294,-0.48024903499492544,0.6775570335877171,-0.5070366321254438,-1.245658132865597,0.3979983232950984,1.193810490625256,0.0
0.3148172045158238,-0.8402903954793065,0.9361075501096976,1.3071838450812574,-2.010782268585878,-1.1711903354341404,0.2377796334525969,-0.5177226421252706,0.08414343819687434
0.8215857120497958,-1.0068317522989838,0.8091802968531627,-0.46744100962590635,-0.39256725796515246,0.5917269751515682,0.9751384105786284,0.22247557662871947,0.33108560804035825
0.005292646299360854,1.6815767162673276,-1.1980928801910382,-0.8601533849246632,-1.0922179413406234,-0.47622443631466943,-1.3293365693342671,0.5443548782853931,0.20108636627125767
0.8005648034309968,-0.7922866618061449,0.4066570874668812,0.8591041927855306,0.6986502343077553,-1.7126293226824552,-0.5410467819196708,0.6492105278342116,0.28290909007413473
0.07826017516166135,-0.5316059080114549,1.2016978556675064,-0.8096265760401127,0.52162522724034,0.6129523681830006,-0.09143773124951071,-0.5472027440095443,0.04540774321951963
-0.39522898265435435,0.3658487879168582,0.1474344016509719,0.8733118360704122,0.4968931448384696,0.12955452054621897,-1.548471050728461,1.712724930895694,0.0
-1.159420516399913,1.2978252669735855,-0.9774648772458692,1.1997361764150378,-0.665041618158691,-1.4059670811426284,1.311427126349951,-0.6872970225507311,0.0
-0.08593076697161273,0.4811151263888354,0.87938994191337,0.45615303582705535,0.731551581862154,1.1794199812026458,-0.018429050193367217,0.707872158693135,0.0
0.19429293804577166,2.759355114021582,0.6354245265539955,-0.3575790319685979,0.319649783134073,0.8366359871577495,-0.3232886362555003,-0.021911236145525564,0.3702421336253739
0.8758327615873309,-0.07466797825114957,0.5426107834987963,0.04108222614387957,-0.4098545384398195,0.1387452512901793,0.23622548956828351,-0.587218564024521,0.40750830375598884
-0.11510746848722672,0.25871644022974605,0.7159388934369917,0.5934659196032391,-0.4533374321385169,-1.274319367734417,-0.7525822843367992,-0.6428512989625678,0.0
0.4574156062209908,0.27560067398405635,-2.994612860227619,0.010185518712073464,0.8927081528737002,-1.402330532885283,0.04511300381296627,-0.586346910920234,0.07725981334104681
-0.9646120137337284,1.4350493867891545,0.8809375610809715,2.1982963386704926,-0.4736040569636581,-0.3070684868414365,3.4275385470024933,-0.4468710650532969,0.0
-0.7826291558275251,0.5072389511096153,1.8081318105789754,-0.9906709306271492,0.3036564735262783,-1.7139153895502894,0.6046820302458011,-1.0188855993559092,0.0
-0.11038929902688775,-0.1162297003871491,0.436638474629293,-1.002668587369791,1.0339569868127836,0.4050802731844854,1.6683110596343254,0.6974097032117701,0.0
-1.0546284639850139,-0.9474885949068795,0.19272899649972683,-0.9768953867353252,1.9093426255571087,-1.4108233133803365,-0.35508312245592033,-0.7035153156202221,0.0
0.8202478373246812,0.24444345596163258,0.6964386733914393,-0.5895799225452156,1.6638731244377296,0.1649127292546986,-0.7515689901309378,-0.6150208487004943,0.39733201903806964
0.4631303293186071,1.4013448312919596,0.3382254736851153,-2.1789315201949093,0.9008227642090298,-0.2881314527267264,0.3097035893716593,0.4886905912082333,0.2864796360031503
0.2790957643924534,-0.4103817936578706,0.651781261700616,-0.6296504269401813,-1.5059113515713871,0.7117852680970441,-1.341704943424035,-0.10796194313364836,0.10742059448532579
0.33890412521594454,0.5289436184165822,0.0014710002454108063,-0.653284701927889,-0.6890484294179713,-0.9379475952614882,-2.3069577654457945,-1.421903635278912,0.19776269656264703
2.0210435614847975,0.24614778868484416,-0.7667048545369003,0.07851402517417629,-0.5480871874725356,0.273729449524724,0.7315925050221388,-0.9360094985442665,0.7676638117737281
-0.46886418796679563,0.8635196583813146,-1.0043227122146134,0.41780058320608143,1.6531498325653209,-1.3948401928346434,0.6413381449722294,-0.19655724442099343,0.0
-2.201441285500558,-0.8047537406378693,-0.9981917282318641,-1.2402163364077703,-0.6993179409720909,0.795549551769407,0.8338512217530717,-0.5749878373674678,0.0
0.1993001968964652,2.3466470305265617,-1.3730425509508952,0.9000542427640723,0.38616637709836915,-0.11496176627749469,0.028169873189996596,0.7504825372530398,0.15661685280484497
-0.050603540961665895,-1.2791611070282582,-1.0677420110191065,1.8022422297905472,0.10086706325731179,0.4958506689654304,1.9783726998796622,-0.7644020289908126,0.04040835046827694
-0.5175190425104033,-0.3655510899860373,1.761266127419863,-0.20828510309499634,-0.935127209437544,-1.3205253468280322,-0.08732818705761503,-0.9671270710432115,0.0
-0.9788298593587699,0.9380925409056455,0.7540956636562427,1.5743712374755716,0.38182400961938384,0.49908427567176655,-0.5539647407905779,-1.010546208778625,0.0
-0.43918952180214793,0.29673317249411335,-0.6250273906846713,0.19898949440518773,0.3982960861974925,0.3062033963037085,-3.0064987150073263,0.4066572469576391,0.0
0.18133842921782128,0.8299861590811032,-0.3903926939855081,1.9887319185953911,-1.2557748817415015,0.3636978927133631,-0.04716586765324164,0.4834717260857332,0.0
-0.5028167006425383,-0.49610233398256237,0.11255753090645429,1.1172834656881903,1.2228774470534098,0.312633963013986,0.8318777850596785,-1.6724445875708807,0.0
2.4124536795437486,-0.07480498268034107,-0.6555450294843581,-1.5639046348397663,-2.0865100288551877,-0.19346388279034774,0.006861198539497956,0.6220751965181025,0.9636780958764019
-0.960504381633148,0.012231983638817386,0.06751685717432486,0.018627370661355457,-0.590757152909962,1.241299220315991,1.1242217344467607,0.8609732704959465,0.0
-0.7931173627076716,1.5692596145359043,0.777604137902912,1.0543249749040777,0.9719702938655755,-0.15589798576570357,2.2948811662553914,-1.690997761809049,0.0
-2.2886200400145285,0.690429024383049,-0.035742733548173485,0.030546581040616888,-1.1932578334740391,-0.7391692003908287,-0.1733502083771995,-0.6904314293609605,0.0
0.251484415021537,0.7966721083646714,0.33601574266199213,-0.036883530845066945,0.35026591956203,-0.05872619336893859,1.2312535595933083,1.428892424357976,0.0
-2.01640662779976,-0.6579260925367952,0.8864915393596159,1.269764750314304,-1.29636038827543,-0.9505179454445303,-1.5858525751800243,1.0061017060252493,0.0
-0.5394546333745014,0.9688826385630508,-0.2721317560182082,-0.709854182146104,-0.09302414444422329,-0.463996423330844,1.0313191043566259,0.02479265925104204,0.0
-0.27567053456055696,0.22558166356880352,0.28479059913436316,0.017515613278218337,-2.3137731131722004,-0.17724661618939888,0.0634904803867693,0.5012493962894318,0.15646399506419484
-0.7097279658468882,1.3891453156779274,-0.30937759288336136,0.3236257646091187,-0.8425717017130081,-0.3795541206458599,-0.22139049834706404,2.1120196236200743,0.0
1.738872677454511,2.014060154918468,-0.0285288698344164,-0.33379096035356415,-1.5429214471542902,0.19939707280548574,-0.1633989200064896,0.5027969734526219,0.47140417420129505
0.9943943913154989,-0.30676577602700456,-0.32473026508296,-0.020129103877537476,-0.4017637421265006,1.9457613913063267,-0.15630346833864264,-1.220808861418892,0.3617547832438125
1.3191368763015756,-0.40630313044506255,-0.5288698535561153,0.7750232632241703,-0.4152313958216571,0.5709498398461205,-0.3088029093452499,1.3649389996008265,0.5894041386774144
-0.8824188185499185,-0.8640449911023695,0.17371185298702344,0.43283762149999394,-0.6736641713091397,1.0723006472880914,0.19867297014966484,-0.8709388906246184,0.0
1.1285940645145685,-0.14357951171632055,0.5665453158182124,-0.8087175319795337,0.7979131965667455,-0.5037094373682366,-0.1742921340664021,0.9939022358478347,0.49849251692530416
0.4960009463439622,-0.3820254489503836,0.14630444600104425,-1.1041239857992617,-0.8868796038714377,-0.5870162885051485,-1.1557924789632028,0.6562706609568888,0.1748199579992124
0.7714059486768455,0.35950439957101016,0.498726958311932,-0.7891021802566502,0.6343866731890512,-0.3781780468929897,0.4170538889921242,0.8895135530057614,0.3764413088919172
1.0294388287827672,-0.14456681693373594,-0.7379317802412299,0.0012484557884866053,1.6292757699588616,0.8528890972688773,-0.6078679483894681,1.5409329754091574,0.527137334671356
-0.9087632459590531,-0.3615992807816198,-1.2037351921997794,-0.15993978775704282,0.13906415030468255,-2.1481184782308977,1.04798661479213,-1.4659143285079521,0.0
-0.4243176209779015,1.0645851361278518,0.41704350296760356,-0.8319574932171248,-0.8576702045753997,-1.0331647752913673,-0.03382696657238071,-0.06958855493879726,0.0
0.8625960113284511,-0.9378802311514517,0.6878813911747546,-0.5981504525164858,-1.2493385148615423,0.10233584683421988,0.1270239533211901,1.9460495025458786,0.3314286339303627
-2.655619092974933,0.43310795315134365,0.04985726659982265,-1.5200392851920637,-0.7097851001194992,-0.2240923670629287,-2.0492319132446664,0.9763817445199473,0.0
1.5133280825732052,-0.4059417271884834,1.3480357804247187,0.41785370321732596,0.704642720749891,1.9677296821430459,-1.2566801281681221,0.17715833734131295,0.4796215906052773
0.553132064207584,0.7243685048699644,0.9076987979878987,-0.04001872535163292,0.1555907349688975,0.44768321574265635,0.9396143935074498,-1.0231731300289502,0.0
-0.045703960660234855,1.3852615467222305,2.6805708407690005,-1.2597873434052702,0.9367952162539889,-0.6621914435304808,-0.7338167260261783,0.10672049295195764,0.0
0.2205076557571733,-0.3030982534240727,-0.20080851399566557,0.02862050418778282,0.770330879327212,-1.5776070685393473,-0.5324376589989497,-0.9118812985440116,0.05843573707377134
-1.0299352833089765,0.44103290727315136,-0.9988487960953681,1.3426220105103532,0.1408106518782359,-0.3405600349378623,-0.27793996726827935,-1.468366956464426,0.0
-0.34994336458910474,0.17879286573317985,-0.7401367907395136,-0.7399358529652597,0.4734882616664622,-1.3032200826784146,1.3637425928273423,0.5764787030585525,0.0
1.1002843382203737,-0.7994223995430966,-0.5654978063746563,1.3151376657209723,1.8552462094204791,0.46675065041843516,0.3741379978015835,0.06530560533834807,0.4920406541480947
1.2980219723262212,0.24078750974193844,0.4760313834381145,-0.3234574724834238,1.4156562261746801,0.16110632224167845,1.3102646033833285,-0.7735128027607114,0.4519504791635344
2.6962240525635797,0.28912050527881217,-2.158068563961257,0.19782816784986781,-0.30274601690425323,0.3200319320927313,-0.2677477975311914,0.39494818896224776,1.1958507436006027
-0.07392466628041514,0.4128708204461747,1.3185510180908366,0.09775080242218528,0.9896794419358903,2.079176664795037,0.21317626376639123,-0.5038898877881488,0.0
-0.6585529668050037,-0.19839889682004574,-0.23929659114234414,1.4015234160052454,0.5858508058179356,-0.9074659814202977,-1.2032434553759759,1.779559084207381,0.0
-0.5142339659399888,0.09419230031014657,-0.24679355778875178,0.1584338467855317,1.1363880775397395,-0.19240420779590675,1.178031235143372,-0.03057244436995809,0.0
-1.0180418752873648,-1.1476109448431353,-1.0793431660249952,-1.1419014192038466,0.6716165720359097,-1.212515744488909,0.10864820369485335,1.577088212470096,0.0
-0.07785475594085076,-0.35811407547985674,-0.11422555145018021,-1.3109703704412123,-0.9741674350429901,-0.08059851615012545,0.04412909879627545,-0.8128021008388903,0.0
