ds,y,temp,holiday
2019-01-01,117.01520187900653,23.207727003475966,0
2019-01-02,116.50725026155443,22.737083955699433,0
2019-01-03,115.82606295094782,22.09615740255876,0
2019-01-04,114.34367062633957,21.53017020687491,0
2019-01-05,110.68420980575594,22.283633894228807,0
2019-01-06,112.38656971769649,23.910034610722814,0
2019-01-07,118.1753599078608,24.870482753757127,0
2019-01-08,119.343375977453,24.692866858101237,0
2019-01-09,117.0921966495959,22.823568765833443,0
2019-01-10,116.85189291180592,22.354615414287967,0
2019-01-11,113.73818212414072,23.77590567305082,0
2019-01-12,111.20719156103914,22.026290978409364,0
2019-01-13,114.34306950423861,24.276486054229476,0
2019-01-14,113.4121372330565,23.963133899318915,0
2019-01-15,116.08675931794362,23.80090169626074,0
2019-01-16,117.96911626029839,22.827174187712323,0
2019-01-17,117.17008319288695,25.08910791377806,0
2019-01-18,116.16309503925798,24.195083553402668,0
2019-01-19,112.55618108449355,23.708745115745874,0
2019-01-20,111.58801140727786,22.155833622004543,0
2019-01-21,120.18599785824,25.148526919613637,0
2019-01-22,121.30121200886398,27.094707736661675,0
2019-01-23,122.47907831283574,27.12855466946555,0
2019-01-24,117.56988820521013,25.15342065257173,0
2019-01-25,116.42152621593071,25.149866060818578,0
2019-01-26,116.64343407274094,26.36071145681964,0
2019-01-27,114.66701079680072,25.031667322110735,0
2019-01-28,120.2980120420096,26.46817583204661,0
2019-01-29,121.67078218266192,27.06697064932683,0
2019-01-30,123.20099297311862,27.6604654987091,0
2019-01-31,120.52530622233954,26.464116316521793,0
2019-02-01,121.74725293558093,26.48939228778349,0
2019-02-02,117.12486395928522,25.94189851024089,0
2019-02-03,116.37003678676095,26.11779768945665,0
2019-02-04,122.09519274380126,26.84094105613185,0
2019-02-05,121.92838603477114,27.55543599611994,0
2019-02-06,125.17382570618818,28.220178591104677,0
2019-02-07,119.45902109484453,26.619776351052753,0
2019-02-08,119.368926889842,29.029808635656643,0
2019-02-09,119.16076176470874,27.377930875530232,0
2019-02-10,120.88516679877436,27.737358113818974,0
2019-02-11,122.12448013735468,27.118888728940032,0
2019-02-12,123.21027428878956,25.54690744207122,0
2019-02-13,125.67041284766624,28.95788160211296,0
2019-02-14,122.36386373149674,28.910979428223275,0
2019-02-15,120.45562993928695,27.9906884411787,0
2019-02-16,119.5951277388474,28.434439360070026,0
2019-02-17,122.88208936092906,28.97634444242477,0
2019-02-18,123.06868425522951,26.988312379688818,0
2019-02-19,123.02947607135617,28.109728234561473,0
2019-02-20,127.68532985817976,29.518411912605547,0
2019-02-21,123.91786018001923,27.552642515366156,0
2019-02-22,121.95066703956404,29.18066846340319,0
2019-02-23,121.41208436020518,27.608077480328262,0
2019-02-24,123.8524386246804,29.505985234190387,0
2019-02-25,125.88188298716265,29.076134786433112,0
2019-02-26,124.75517059423717,27.566169148606516,0
2019-02-27,127.92505017931502,30.412848120082305,0
2019-02-28,126.247083916782,28.57758832576868,0
2019-03-01,124.68521609636804,28.563242978642204,0
2019-03-02,121.60323090774904,29.632606357878856,0
2019-03-03,123.30466060396498,30.636425163525228,0
2019-03-04,123.07975491756523,28.5249090595087,0
2019-03-05,126.04246561235692,29.65253053696311,0
2019-03-06,129.95686337394395,30.066948909053483,0
2019-03-07,129.40578138812398,30.375667659151446,0
2019-03-08,124.44416299172461,29.900568024442318,0
2019-03-09,124.19844812059998,29.395785521890186,0
2019-03-10,123.62484275980398,28.97102105859113,0
2019-03-11,125.09081284613427,29.917653513830544,0
2019-03-12,128.32953878569168,28.78935966846935,0
2019-03-13,129.6387299161781,26.967219070515334,0
2019-03-14,127.74003696093266,30.349274044899772,0
2019-03-15,127.88435350823083,30.837860436936392,0
2019-03-16,118.08699230227921,27.589264907011145,0
2019-03-17,124.69911873516075,28.95779336923671,0
2019-03-18,126.97406123823795,30.59905551560999,0
2019-03-19,129.65382141242299,32.04682069163223,0
2019-03-20,129.64351492558808,30.016586894865718,0
2019-03-21,124.49430269843067,29.271300295210015,0
2019-03-22,124.90801272299404,29.81695788988217,0
2019-03-23,125.11872551285703,31.372322726904326,0
2019-03-24,126.19658233815314,29.34611570019483,0
2019-03-25,125.48168227254946,29.184564627038938,0
2019-03-26,127.60338353239798,29.489735511665877,0
2019-03-27,128.37798017404262,29.004921808760045,0
2019-03-28,129.53961784779014,30.06374530967316,0
2019-03-29,126.96685339862384,31.54563630478038,0
2019-03-30,123.28018173015293,30.220984201019718,0
2019-03-31,125.07981928564581,29.61956955806013,0
2019-04-01,126.77430251118032,29.55120866269612,0
2019-04-02,129.65715431023926,28.24801328638353,0
2019-04-03,129.18690146763328,30.659594742557033,0
2019-04-04,127.53340885356138,29.66103561953698,0
2019-04-05,124.75237798299749,29.51789886494925,0
2019-04-06,123.52272722101857,32.84812240206235,0
2019-04-07,124.97721920118616,29.90754672403709,0
2019-04-08,126.60808674066935,28.80793835034945,0
2019-04-09,128.72917217774383,29.081478511281475,0
2019-04-10,129.8539964119459,30.601575002055576,0
2019-04-11,125.7947620890764,29.508895555724408,0
2019-04-12,123.7047884067654,27.897062702555562,0
2019-04-13,123.56123388262303,30.191522673635763,0
2019-04-14,122.44295914401938,28.53835889081494,0
2019-04-15,127.21505570370591,31.011285637515766,0
2019-04-16,129.8689212222016,30.14681673433291,0
2019-04-17,131.68739533583076,28.54554457756022,0
2019-04-18,128.46236902510472,30.197319505684064,0
2019-04-19,125.18027959759827,28.904956847656514,0
2019-04-20,123.45091468925031,29.60805816497054,0
2019-04-21,120.95988959936041,29.155609630322484,0
2019-04-22,125.25832889203899,27.737546629266856,0
2019-04-23,127.76507915488254,27.850839808086448,0
2019-04-24,132.85872110911598,29.43232318757507,0
2019-04-25,126.3353743887717,27.973073373271067,0
2019-04-26,124.32997827327942,27.807228151426965,0
2019-04-27,121.7663090200302,27.15635221412038,0
2019-04-28,121.36302107272871,28.43327172197149,0
2019-04-29,128.04669943661332,29.96802524752721,0
2019-04-30,127.81187581178943,26.731455721201417,0
2019-05-01,128.98542764040474,27.71438855308918,0
2019-05-02,125.52157917042067,28.991294468034035,0
2019-05-03,125.3651337799226,27.38609456766875,0
2019-05-04,119.72457208003026,27.802560570077674,0
2019-05-05,122.24506611092009,26.170073021483194,0
2019-05-06,127.75409348264809,27.54091121942863,0
2019-05-07,124.81930027516812,26.80349269581677,0
2019-05-08,126.59594368863443,27.852331153156282,0
2019-05-09,125.9468459001674,27.92791946794078,0
2019-05-10,123.13116885477756,29.202034685011593,0
2019-05-11,118.57924470930263,27.06208510625746,0
2019-05-12,121.2800067239752,26.67631087785734,0
2019-05-13,121.69232491587691,26.41108227165516,0
2019-05-14,125.85218968757422,25.727875465123393,0
2019-05-15,124.5931365885874,26.2820699111613,0
2019-05-16,126.12709089897825,25.508970164585573,0
2019-05-17,120.13294413310248,25.831900451086884,0
2019-05-18,119.71899383836373,26.83842900766132,0
2019-05-19,120.43242651621478,24.370047201155597,0
2019-05-20,120.82186207959273,26.37063560253326,0
2019-05-21,125.28130237677017,26.400491518549718,0
2019-05-22,126.43663632624191,24.81642308114883,0
2019-05-23,119.0544935311105,22.662291670606187,0
2019-05-24,119.8606146011542,24.02456383805576,0
2019-05-25,119.30375945744414,25.776248829753126,0
2019-05-26,119.68230031413461,24.30192919552829,0
2019-05-27,118.21983756538896,23.16975822307953,0
2019-05-28,120.54071823725211,23.50731503963101,0
2019-05-29,124.49269644532625,24.694552250880836,0
2019-05-30,122.15563897947862,24.241367615545713,0
2019-05-31,118.80909145063794,23.295310469487138,0
2019-06-01,117.04916116307638,23.005980838918077,0
2019-06-02,115.86796125831938,22.818611716427966,0
2019-06-03,119.05590228665154,22.124574295619237,0
2019-06-04,122.80602071114485,24.498073132504192,0
2019-06-05,120.50064975821327,22.395236900188888,0
2019-06-06,123.45892118839296,23.7687716476443,0
2019-06-07,118.73622875320486,23.906229872784102,0
2019-06-08,114.08618286235682,23.215819678683292,0
2019-06-09,116.36252661424588,21.617827230966512,0
2019-06-10,116.54430620405724,22.284509932669785,0
2019-06-11,121.05639024182703,21.68735998157669,0
2019-06-12,121.44477347215309,20.63812299603715,0
2019-06-13,117.3679958561433,21.695997156507854,0
2019-06-14,116.31614906950388,20.022005211930743,0
2019-06-15,115.06360385955927,22.217776111317036,0
2019-06-16,115.04099288792042,20.394226323129043,0
2019-06-17,119.17279131334988,20.888496028227497,0
2019-06-18,118.12827890299229,20.798913601937265,0
2019-06-19,117.39303740174634,20.084857532774258,0
2019-06-20,115.84629290879896,20.758491359184553,0
2019-06-21,112.48874376703439,19.52487811465642,0
2019-06-22,112.55308000819431,20.699063346883232,0
2019-06-23,112.20066925655242,18.309821614123244,0
2019-06-24,115.10384405043628,19.610317972795027,0
2019-06-25,119.13330504908275,21.251157202117593,0
2019-06-26,116.49827681765252,18.14039021100433,0
2019-06-27,116.99988845131288,18.291724171957718,0
2019-06-28,112.30463966198408,19.312429549674537,0
2019-06-29,114.72852399392187,18.807511576247162,0
2019-06-30,112.03915911974805,18.808374005521426,0
2019-07-01,112.01418696733316,18.777201526726483,0
2019-07-02,113.89727393815348,18.753512959554794,0
2019-07-03,116.8627805101616,19.059825107227006,0
2019-07-04,113.53237859383626,18.19188428739037,0
2019-07-05,111.71663718953756,17.373404663497464,0
2019-07-06,110.05319128574622,18.120538566769355,0
2019-07-07,110.32288829399276,19.181904536167036,0
2019-07-08,110.06170928363512,16.98425088383477,0
2019-07-09,110.67449977001299,15.97807051471502,0
2019-07-10,113.88056724528488,17.896297452582345,0
2019-07-11,113.25151164494048,16.506402705661834,0
2019-07-12,108.23050080138925,14.292679598844275,0
2019-07-13,106.00780413627432,17.152382057306713,0
2019-07-14,107.66502929169418,15.610336851171333,0
2019-07-15,110.37595620784532,15.896976971515855,0
2019-07-16,110.8527600201429,16.16252316135444,0
2019-07-17,112.68637832647751,15.865308896986392,0
2019-07-18,111.01553349551632,16.229807314306516,0
2019-07-19,105.70910482397319,14.931741005436724,0
2019-07-20,106.69334990866774,15.728575964975326,0
2019-07-21,106.90217585581702,14.805582099361322,0
2019-07-22,110.420329153247,15.655058175768092,0
2019-07-23,112.43980561004082,15.384238460925786,0
2019-07-24,108.23506729918584,13.687603532138986,0
2019-07-25,108.2800226695426,15.564786735939293,0
2019-07-26,106.68018141343495,13.800237370771404,0
2019-07-27,105.6608577987417,15.00333081958813,0
2019-07-28,105.77884196953272,14.42335025223193,0
2019-07-29,113.81672071573462,15.75679543975447,0
2019-07-30,109.80790203639451,13.559494185335724,0
2019-07-31,110.96630956782323,13.299831498446533,0
2019-08-01,109.07862337031817,13.497796134729171,0
2019-08-02,105.66329989649485,13.084021763995123,0
2019-08-03,103.06655603908109,14.059086088435933,0
2019-08-04,103.62437132373253,11.516770945406929,0
2019-08-05,103.82914138094205,11.95536853369312,0
2019-08-06,106.79209073656348,11.819286164552846,0
2019-08-07,108.03392882608416,13.71753963617332,0
2019-08-08,107.54497370832428,14.360128667251548,0
2019-08-09,107.03163937247098,12.429524453284266,0
2019-08-10,98.92957165002359,12.251819643091158,0
2019-08-11,103.31784471289923,12.37960407801366,0
2019-08-12,102.70819122364698,13.362616493443767,0
2019-08-13,105.352443225881,11.166879259627493,0
2019-08-14,108.81655979912564,12.228435023361577,0
2019-08-15,105.94558793343236,12.86346758554397,0
2019-08-16,101.19490278543496,12.289968432261418,0
2019-08-17,99.78173543354674,11.881489989690428,0
2019-08-18,102.79660762638002,12.59844707440569,0
2019-08-19,100.66412690370518,8.802147761820462,0
2019-08-20,106.32129310823296,12.093748142038832,0
2019-08-21,105.71112552225311,10.674830088405876,0
2019-08-22,102.2056613368241,9.41387173998891,0
2019-08-23,105.07349650824415,11.673896993622751,0
2019-08-24,101.57891894192048,12.457157797420484,0
2019-08-25,97.14250951836483,10.869494131813557,0
2019-08-26,103.34262864219731,11.885921778183206,0
2019-08-27,104.69795475534619,12.474113130705529,0
2019-08-28,107.2602577218235,12.108241098117652,0
2019-08-29,103.25841353061324,12.36750734848873,0
2019-08-30,101.03039626063216,11.406630354032275,0
2019-08-31,99.83779884947052,10.67965906950158,0
2019-09-01,99.85645334094887,8.944762547200984,0
2019-09-02,99.82478371604785,10.245966174633429,0
2019-09-03,103.02278020003445,9.596895932799645,0
2019-09-04,105.1158140810973,12.562028026595364,0
2019-09-05,101.73671089873842,10.168985710096534,0
2019-09-06,102.86457232198585,10.42471965059724,0
2019-09-07,99.38509115433469,10.812513478928444,0
2019-09-08,97.09212596362157,10.267025726804999,0
2019-09-09,103.63178746371405,11.883762544749182,0
2019-09-10,106.3322094979274,9.534253684584186,0
2019-09-11,105.71037131327516,10.322614774304887,0
2019-09-12,99.64426216817276,9.35956228757798,0
2019-09-13,98.19814228978457,8.75896488397948,0
2019-09-14,99.5816938175772,9.447108613462566,0
2019-09-15,97.5029862834534,10.00467295451166,0
2019-09-16,101.30342518000997,9.598186392533028,0
2019-09-17,103.95439020670254,9.323797529227146,0
2019-09-18,101.52417693113632,8.601585299046636,0
2019-09-19,101.97133503826798,9.919438266037142,0
2019-09-20,93.72179055183864,8.495422948703943,0
2019-09-21,96.76627624805772,10.760757888966683,0
2019-09-22,98.08425883152691,10.086659233927266,0
2019-09-23,98.00457733680904,8.553143449515733,0
2019-09-24,105.3551233236065,9.710917335995763,0
2019-09-25,101.07468676732402,9.280354676675111,0
2019-09-26,101.5834899237749,10.367019802237179,0
2019-09-27,100.45724442807851,11.406574950086368,0
2019-09-28,98.88277355951837,8.212170840242642,0
2019-09-29,96.3568370388565,10.226521509454884,0
2019-09-30,102.45625324514825,9.978440922752814,0
2019-10-01,103.59583051452286,10.839910237473754,0
2019-10-02,102.44132888991199,10.41467251022666,0
2019-10-03,102.437329757874,9.485311812145445,0
2019-10-04,99.73612596858928,9.95692141568951,0
2019-10-05,96.66890284946209,9.52152119736255,0
2019-10-06,99.42153095135619,11.437991089176908,0
2019-10-07,100.50069793089212,10.430584539672315,0
2019-10-08,104.77559075009206,12.360590567626957,0
2019-10-09,105.05796206645176,10.451689276001359,0
2019-10-10,104.49331852874718,9.859701079097578,0
2019-10-11,97.23640961225883,9.112942258220189,0
2019-10-12,100.56522465236793,8.884839502501666,0
2019-10-13,95.22154913609121,9.167921340453725,0
2019-10-14,101.45553647332933,11.085998654207224,0
2019-10-15,105.13737132421963,11.397128589646593,0
2019-10-16,104.08687667164592,9.379440695581636,0
2019-10-17,102.68300131691255,11.9305724374859,0
2019-10-18,99.96764194344604,10.630028527199626,0
2019-10-19,98.39189601054707,11.340067826112145,0
2019-10-20,99.80651802541149,12.888286729294638,0
2019-10-21,103.98565875408805,12.258278256212662,0
2019-10-22,105.00125105095941,11.180837420947856,0
2019-10-23,103.74400141374191,10.648635241499816,0
2019-10-24,103.8689205673426,9.480974964810846,0
2019-10-25,101.35611068577114,11.009075938068891,0
2019-10-26,100.91913385371113,11.614985659697538,0
2019-10-27,100.8845602647405,10.939241796398747,0
2019-10-28,101.68587323875008,11.897858883304071,0
2019-10-29,104.69320331235308,12.211020973060656,0
2019-10-30,107.1899411815106,12.016693973914611,0
2019-10-31,105.24707133640992,11.701224090709585,0
2019-11-01,102.33222673267827,12.631821454394965,0
2019-11-02,101.2279764562755,13.019277813097892,0
2019-11-03,102.7792905818262,11.603304952538355,0
2019-11-04,103.97596539287625,14.223165326704725,0
2019-11-05,107.2812574349832,12.834300707562493,0
2019-11-06,106.96780825479246,13.074485627571077,0
2019-11-07,105.89897829396257,13.88865254169256,0
2019-11-08,105.15241750130856,13.54047438158624,0
2019-11-09,103.72134061902449,14.389195506082308,0
2019-11-10,104.05634961345494,13.853926035000589,0
2019-11-11,106.77624302612621,13.087011179614967,0
2019-11-12,107.95851739807621,14.195463198457068,0
2019-11-13,108.8081160279467,12.826569215460594,0
2019-11-14,106.63289369884603,14.216975164681093,0
2019-11-15,105.08382834596813,14.215048919035613,0
2019-11-16,102.86470126174416,14.181727529989953,0
2019-11-17,104.02553539807371,14.40453248871052,0
2019-11-18,106.26200609287875,12.796064320080173,0
2019-11-19,107.48560794562097,14.275606714324475,0
2019-11-20,113.01657273183224,15.065126343235699,0
2019-11-21,106.98932751520708,15.281575436930638,0
2019-11-22,103.56694523126714,14.244925068664529,0
2019-11-23,107.08633826208133,16.69058812876696,0
2019-11-24,106.04716420886483,14.71233936952895,0
2019-11-25,109.45529483604012,16.70291373688921,0
2019-11-26,111.6965141658626,16.31685575570615,0
2019-11-27,110.88771827044411,15.400855256785215,0
2019-11-28,109.6089044986543,17.980984363897942,0
2019-11-29,106.90471821098261,15.171750346456056,0
2019-11-30,105.64263403319548,17.445330599155895,0
2019-12-01,108.97388929695462,17.688575951206367,0
2019-12-02,108.85988372477523,16.18017070767325,0
2019-12-03,111.65379311026513,18.40698540203435,0
2019-12-04,112.23363730952141,16.929086224124784,0
2019-12-05,112.26672632696102,17.63327374476332,0
2019-12-06,108.41445930809253,17.77113511247982,0
2019-12-07,106.40132216985725,17.543474280862664,0
2019-12-08,109.38246912575704,18.656248225482184,0
2019-12-09,111.95675862740875,18.80722317184544,0
2019-12-10,111.88771823201743,16.434084744957687,0
2019-12-11,114.59233716615627,19.656377020928623,0
2019-12-12,112.48462551464883,16.85945250869996,0
2019-12-13,109.22010292650135,19.724835800165486,0
2019-12-14,107.95735683433202,19.98972680428725,0
2019-12-15,108.48346566054532,17.94312375906113,0
2019-12-16,112.23930386324336,18.79463025139138,0
2019-12-17,115.19994727360205,18.27132934267365,0
2019-12-18,118.30665538431492,19.333886798343126,0
2019-12-19,115.94804031233608,19.412680876940883,0
2019-12-20,112.71847234499202,20.672365670767817,0
2019-12-21,111.87314127704715,21.37503561226567,0
2019-12-22,111.27685870572249,21.63241325086254,0
2019-12-23,114.17251245754724,19.846493935370887,0
2019-12-24,121.57370495577955,20.371251680431985,1
2019-12-25,122.43491064796576,19.068675182719286,1
2019-12-26,114.86293608882914,20.117660566759774,0
2019-12-27,115.59156426210427,22.0595262370966,0
2019-12-28,116.12860960714819,22.88107746646361,0
2019-12-29,112.78529007250383,20.201591329726988,0
2019-12-30,116.5310992117389,21.01349658333785,0
2019-12-31,124.89815975110322,21.74910049676493,1
2020-01-01,119.27336074083942,22.224687422910943,0
2020-01-02,118.18302202242239,21.303367337931217,0
2020-01-03,116.2509456830424,22.704851234007197,0
2020-01-04,114.46449974443743,21.97409525165097,0
2020-01-05,114.26064714594631,22.599902353791155,0
2020-01-06,118.38550134602973,23.326285269026307,0
2020-01-07,121.36326187513366,22.951247040158684,0
2020-01-08,123.3517787032653,22.67239120811909,0
2020-01-09,121.43127089324452,23.162199685858848,0
2020-01-10,120.87505665836541,23.345510740651974,0
2020-01-11,114.94464823978751,23.224910741574313,0
2020-01-12,118.29164330720731,23.496109985199578,0
2020-01-13,120.95850827446499,25.512426357671426,0
2020-01-14,125.93025986292476,24.63241362417984,0
2020-01-15,121.73652188027751,23.932524026650555,0
2020-01-16,120.8983738489629,25.080217783123913,0
2020-01-17,118.27238736429364,24.203405844636983,0
2020-01-18,115.50051403069962,25.86296928978607,0
2020-01-19,118.22726683001864,25.21071836171901,0
2020-01-20,120.1672989407822,24.8835729905142,0
2020-01-21,124.43922869882383,25.586914145078445,0
2020-01-22,124.32183824837269,23.715122380810502,0
2020-01-23,125.49246034202535,24.304468165570608,0
2020-01-24,121.68408045631575,24.38094053967835,0
2020-01-25,118.79402231734569,25.859788860032065,0
2020-01-26,120.06477745548797,27.58964927730724,0
2020-01-27,125.01301531510369,28.226989716303542,0
2020-01-28,123.90022411584803,26.770521742835264,0
2020-01-29,129.33847959760524,26.768281490897802,0
2020-01-30,125.5677295621179,24.599491020913064,0
2020-01-31,121.45582553093703,25.98909266909268,0
2020-02-01,118.02666137870057,25.87326757589523,0
2020-02-02,123.51121803291143,26.167517476275208,0
2020-02-03,124.12787681734437,26.74552621622454,0
2020-02-04,128.51920606048816,26.564838551201657,0
2020-02-05,124.14292456025571,25.1788060720699,0
2020-02-06,125.84321446009456,28.02507469341667,0
2020-02-07,123.24630768297234,26.321326536377462,0
2020-02-08,122.6621222835999,27.748033526903974,0
2020-02-09,123.78312709251935,29.695364462440075,0
2020-02-10,126.12548051793617,26.812137071103862,0
2020-02-11,125.14942562689771,25.309186128295924,0
2020-02-12,128.6409254974499,27.659101591135776,0
2020-02-13,128.4187947247739,29.149346525353547,0
2020-02-14,127.09293334519789,30.10763377474772,0
2020-02-15,124.0215551483909,27.0182246513152,0
2020-02-16,123.04782471395592,28.840520745151377,0
2020-02-17,124.36436358145147,27.97208927025453,0
2020-02-18,131.30241691661035,28.42253281552623,0
2020-02-19,132.26984477285777,31.26138224485497,0
2020-02-20,126.68984040463319,27.200076377005647,0
2020-02-21,128.73940609651876,29.040218802919572,0
2020-02-22,125.23743997562521,29.33500468867581,0
2020-02-23,127.92561497711418,30.031306237195928,0
2020-02-24,128.1499019179606,29.119064337812066,0
2020-02-25,133.74693165168486,29.402023512872177,0
2020-02-26,133.58041259963284,28.77252514206241,0
2020-02-27,129.47584456521543,29.50078956040743,0
2020-02-28,128.46090975208682,28.953227455850843,0
2020-02-29,127.0486655515593,29.97999777322672,0
2020-03-01,128.23578411555766,29.048052390567968,0
2020-03-02,127.64292869230032,29.851213125838292,0
2020-03-03,132.33129407230578,29.498496381194435,0
2020-03-04,134.26879781580342,30.704636491362216,0
2020-03-05,127.81613208045025,29.57518510493898,0
2020-03-06,125.14193161568943,27.898690288705875,0
2020-03-07,124.15083306778678,30.975926167645216,0
2020-03-08,126.17542335063047,28.847679745822813,0
2020-03-09,130.2397854273475,29.136166896248902,0
2020-03-10,133.88071580575374,29.22789613031743,0
2020-03-11,133.579086617008,31.228712758307232,0
2020-03-12,132.257127204958,27.74640165351976,0
2020-03-13,128.37628693279544,33.044701338283986,0
2020-03-14,125.0867084085978,30.98495492409315,0
2020-03-15,127.70153904238546,30.171144218866512,0
2020-03-16,130.5990270774917,29.90907474860525,0
2020-03-17,132.57906269918027,30.26263776990563,0
2020-03-18,130.29893016849465,30.50836868967255,0
2020-03-19,131.76502816348645,30.639669026640448,0
2020-03-20,127.32814869188606,30.55430756652262,0
2020-03-21,128.4257412716116,30.089574664492098,0
2020-03-22,128.4132977917449,29.800987286543126,0
2020-03-23,128.85764086197568,29.842425481376292,0
2020-03-24,131.84279045524394,29.791206246608752,0
2020-03-25,132.42396897883975,31.109345333810463,0
2020-03-26,131.9900937025631,30.555640736002044,0
2020-03-27,128.80761878685513,27.005256214900502,0
2020-03-28,126.44129762582808,30.58216338561712,0
2020-03-29,128.98476482488024,30.098679222524474,0
2020-03-30,129.65283259068912,29.859983953997094,0
2020-03-31,131.38049590170914,29.46200067588549,0
2020-04-01,133.88998967574176,30.9435433404019,0
2020-04-02,130.7583388763388,30.732962846480227,0
2020-04-03,127.83083024498032,28.975668812416572,0
2020-04-04,125.93086211761866,30.115824111505,0
2020-04-05,130.40429079478133,28.694467452197504,0
2020-04-06,129.58419686745282,28.240998022648355,0
2020-04-07,131.24826057212692,28.94554406843511,0
2020-04-08,134.05683015905345,30.383467284876147,0
2020-04-09,131.95988710348766,30.420193938417324,0
2020-04-10,128.88678217529505,29.92334793569044,0
2020-04-11,128.59673070715692,30.075767276918118,0
2020-04-12,129.2148549850976,29.80449173753031,0
2020-04-13,128.87893578163934,28.581725254153053,0
2020-04-14,131.7417334065262,29.587293497716736,0
2020-04-15,132.93056214867934,29.885235360376505,0
2020-04-16,128.1728345905006,29.76588370094302,0
2020-04-17,126.93988591750148,30.124605603419514,0
2020-04-18,129.27710018994932,29.565451724868463,0
2020-04-19,129.9811848759801,29.127430758376693,0
2020-04-20,129.83484373280962,29.762370507890477,0
2020-04-21,132.67488105451173,28.579364561241793,0
2020-04-22,132.25339017469065,27.63513010011026,0
2020-04-23,135.11964561338934,28.262536399509997,0
2020-04-24,129.1312361556978,27.586806059172922,0
2020-04-25,125.57798027836361,27.560170282880776,0
2020-04-26,125.12987213758336,27.992032768883153,0
2020-04-27,126.00230224404768,27.242926663866704,0
2020-04-28,131.24180094436,27.62380241216488,0
2020-04-29,129.31490608285117,25.932219495227198,0
2020-04-30,127.83849547524302,27.930882299696815,0
2020-05-01,126.14943274835242,27.608264739200475,0
2020-05-02,123.25741164014593,26.677190253062456,0
2020-05-03,128.74670574750462,28.038526495162277,0
2020-05-04,129.91877214840676,28.1996692590378,0
2020-05-05,129.2673024654243,25.53520857975768,0
2020-05-06,132.44664586979377,26.258599328177144,0
2020-05-07,128.5738663889319,26.128659696807336,0
2020-05-08,124.31503046170961,25.832335714736498,0
2020-05-09,127.18191913786643,27.474146412607386,0
2020-05-10,125.51961590897265,26.321311921512848,0
2020-05-11,125.30414679630532,26.11916177441452,0
2020-05-12,127.7191013641471,24.246463774143795,0
2020-05-13,128.69381991306648,26.750544119522722,0
2020-05-14,125.02201304517823,24.738858081030223,0
2020-05-15,126.49576942472497,25.89927047187635,0
2020-05-16,126.30926702778285,25.976208191281305,0
2020-05-17,122.40513338399343,26.91729688502161,0
2020-05-18,125.917163223306,24.10398062725622,0
2020-05-19,125.23913013338442,22.247849872839588,0
2020-05-20,127.80646034460293,25.304213878531183,0
2020-05-21,126.8136690214077,26.772362622220324,0
2020-05-22,123.2818350898008,26.060813649750187,0
2020-05-23,122.22331478271174,24.880115700077145,0
2020-05-24,120.87370615533784,24.02602702400714,0
2020-05-25,125.4593834897883,25.170655881887228,0
2020-05-26,126.06204113800409,23.234565921454564,0
2020-05-27,127.03266464827409,24.527803478345717,0
2020-05-28,124.22644357393652,24.39905056801981,0
2020-05-29,122.25251304890271,24.794772843131078,0
2020-05-30,123.44566817823741,26.334100384066282,0
2020-05-31,122.01937049736966,23.805675987451632,0
2020-06-01,121.40095905278872,22.74210603112897,0
2020-06-02,125.44467263937,23.06234293739194,0
2020-06-03,125.74708539580637,21.154775173048318,0
2020-06-04,120.92687686397181,22.06420656062766,0
2020-06-05,121.60189396993836,22.183889458659387,0
2020-06-06,117.88729856645631,21.902568342609275,0
2020-06-07,120.50723394927547,22.4117783695783,0
2020-06-08,120.05063973546501,21.26910172239954,0
2020-06-09,121.78201656076226,23.044031564436374,0
2020-06-10,121.73581848794197,21.754118157456677,0
2020-06-11,122.40023855588161,21.575001956316466,0
2020-06-12,119.70193851029721,21.086329925325874,0
2020-06-13,116.40025643124393,21.398919198257293,0
2020-06-14,119.47253573501652,21.89796261234839,0
2020-06-15,117.12829914571263,20.034552487431075,0
2020-06-16,121.76729936137978,20.072117747109417,0
2020-06-17,120.61598732452035,20.25484365239188,0
2020-06-18,118.97980865477355,19.040868912924022,0
2020-06-19,117.51416851699186,19.39553768936478,0
2020-06-20,114.5074242450526,19.56656682677197,0
2020-06-21,116.38266257318693,20.745156370690783,0
2020-06-22,120.21871176731227,19.961346250709063,0
2020-06-23,119.91907853814907,19.720481699191517,0
2020-06-24,122.78238480123015,20.206036616440343,0
2020-06-25,117.38874292774517,19.046204557168373,0
2020-06-26,117.36182560291131,19.4027204796864,0
2020-06-27,116.58048089260267,18.73800545046521,0
2020-06-28,111.28146151229578,18.9359040259509,0
2020-06-29,115.40064612982042,17.917490900200097,0
2020-06-30,118.46404470513743,15.891584081080143,0
2020-07-01,119.02668876924307,18.026767819849717,0
2020-07-02,118.97015863878703,19.41498503659932,0
2020-07-03,114.37770066239138,18.750236350607285,0
2020-07-04,113.58583269837855,18.6218463880327,0
2020-07-05,113.73655685550845,18.72570107479716,0
2020-07-06,117.15172475641636,17.412092270023255,0
2020-07-07,117.96598370052583,17.355406751278572,0
2020-07-08,117.95538962961858,16.37593647983182,0
2020-07-09,115.16409232456559,16.513902496200565,0
2020-07-10,112.78226190705253,17.283071540254287,0
2020-07-11,111.37145043951158,17.709496065339916,0
2020-07-12,112.16312832892474,16.205510635916593,0
2020-07-13,112.87795277911243,15.735194516226523,0
2020-07-14,116.34007487391318,16.02746741572533,0
2020-07-15,119.73946427527802,16.470877574123733,0
2020-07-16,114.86539790838663,14.269769608240399,0
2020-07-17,109.73882529665286,13.262665477910017,0
2020-07-18,111.23918082618883,14.854845797021332,0
2020-07-19,108.7891402867132,14.032566057259599,0
2020-07-20,108.90534391809209,14.59443875345152,0
2020-07-21,112.80194697214124,14.805548325886718,0
2020-07-22,111.69539323792458,14.352323320533703,0
2020-07-23,113.28782974798057,16.11181946377554,0
2020-07-24,110.35900296377861,14.84145727734208,0
2020-07-25,111.00400144725086,14.67217064060282,0
2020-07-26,109.55084674389073,14.852552698908767,0
2020-07-27,109.82143532654864,12.951869044533112,0
2020-07-28,114.84925684731101,14.991919213484298,0
2020-07-29,110.00371225461016,13.740937864851304,0
2020-07-30,112.3055174002186,14.352907231263826,0
2020-07-31,109.26897700637338,12.478163315223188,0
2020-08-01,103.79409747443104,11.865764369177983,0
2020-08-02,109.5437983055021,14.108862649123767,0
2020-08-03,110.2328292872724,13.540817682130745,0
2020-08-04,110.49933800014017,12.137814528210935,0
2020-08-05,112.49144535651361,12.047720543432913,0
2020-08-06,114.34608712038711,13.922431811395326,0
2020-08-07,107.04710969908615,11.489330020851082,0
2020-08-08,107.05191066472402,14.205326231767675,0
2020-08-09,104.87573426516255,11.548144739207434,0
2020-08-10,107.39357823689934,12.97550412659123,0
2020-08-11,111.51664011964996,11.899108024145152,0
2020-08-12,109.96577419495951,12.723828170660315,0
2020-08-13,108.88906411501074,11.471772606319474,0
2020-08-14,105.53703383600966,11.750702198821664,0
2020-08-15,105.32043475512496,11.854415703647778,0
2020-08-16,104.9083165609716,10.713733013914158,0
2020-08-17,109.2109973456823,12.36162014897037,0
2020-08-18,108.34147215198155,11.014937112263427,0
2020-08-19,109.31369933138467,11.20941259509288,0
2020-08-20,106.03300516183596,10.35605859736957,0
2020-08-21,103.15914557019165,8.703029328167593,0
2020-08-22,104.06306334640718,10.991874958966518,0
2020-08-23,106.64933613055886,13.51566699872153,0
2020-08-24,105.37798752678925,11.810437470725034,0
2020-08-25,109.81098257693452,10.932010009152666,0
2020-08-26,110.85880986710428,10.616494430410835,0
2020-08-27,107.88279792791542,10.832664959801455,0
2020-08-28,107.68211813170727,11.290851399480683,0
2020-08-29,100.94275132324319,9.499191764848796,0
2020-08-30,102.09287210936631,11.733356507267718,0
2020-08-31,103.30163225520252,11.276222339005452,0
2020-09-01,110.4683950782882,11.22362615924011,0
2020-09-02,109.52852027557552,10.891325175238363,0
2020-09-03,106.50409693632274,10.42270025246973,0
2020-09-04,104.71481967724026,11.029018871053506,0
2020-09-05,100.85744623519817,10.90389957724929,0
2020-09-06,106.15250924372042,9.916839350768939,0
2020-09-07,104.82177191137195,9.65895191013134,0
2020-09-08,107.47700222476556,10.298973944116801,0
2020-09-09,109.78727016026365,11.713602596777488,0
2020-09-10,106.06619105742337,8.895850624346979,0
2020-09-11,102.88617909337692,8.64072691369686,0
2020-09-12,100.67089199970486,10.249234627457257,0
2020-09-13,103.0287831415814,10.114517258580333,0
2020-09-14,107.52161229746446,10.219067323473292,0
2020-09-15,109.0666270952582,10.274720589316297,0
2020-09-16,109.70337925931818,9.795556925396317,0
2020-09-17,105.92164813600995,11.499568016997884,0
2020-09-18,100.72053791638372,8.402702287427616,0
2020-09-19,100.83489433026377,9.171969022364644,0
2020-09-20,102.10400554217235,9.897030091210281,0
2020-09-21,105.06974735311742,8.359873921012031,0
2020-09-22,104.10627212830632,9.832944463113803,0
2020-09-23,110.61570424715369,11.678961725811629,0
2020-09-24,105.47572613602748,10.0500247257678,0
2020-09-25,102.59796411589579,10.274436358990023,0
2020-09-26,99.20956041975833,8.801114122758529,0
2020-09-27,99.22220898734984,9.465401942027112,0
2020-09-28,105.4447712129342,9.72998639767193,0
2020-09-29,106.71942397525407,9.8138151447772,0
2020-09-30,106.23697656516437,11.442441739044716,0
2020-10-01,104.199475644723,10.750668285459483,0
2020-10-02,102.06541350626779,9.11660060430976,0
2020-10-03,104.30015866514101,10.512536350878381,0
2020-10-04,102.17754396213053,10.805106770004949,0
2020-10-05,103.08693808943423,11.490755857760579,0
2020-10-06,107.63091355338857,11.97772471422483,0
2020-10-07,106.66456154875792,9.431508671986402,0
2020-10-08,101.58398852675357,9.68799119267372,0
2020-10-09,102.73684166382135,9.29632822856658,0
2020-10-10,101.52720769727465,10.377738863133107,0
2020-10-11,103.9857655747935,11.138747863081685,0
2020-10-12,108.44529040493221,11.723114961636842,0
2020-10-13,109.1455183873698,10.725961809430878,0
2020-10-14,107.56553239216781,10.550919559819905,0
2020-10-15,105.05308150279221,11.094080812220188,0
2020-10-16,107.46555025043594,10.181415967639715,0
2020-10-17,103.91798369890714,13.182991985023055,0
2020-10-18,102.30685011400395,9.565322220740699,0
2020-10-19,105.770370887069,11.439865867554959,0
2020-10-20,109.65597612938168,13.363461297807943,0
2020-10-21,108.61877252063805,11.433947389267962,0
2020-10-22,106.3445962338814,11.326937820801575,0
2020-10-23,103.79578989314913,11.251871007114843,0
2020-10-24,103.16847583604293,11.523747260546557,0
2020-10-25,104.0357899758106,13.174264808123732,0
2020-10-26,104.10204181100909,9.689257906065402,0
2020-10-27,110.05293566485821,13.536653591583416,0
2020-10-28,108.4485448788378,10.683729186619413,0
2020-10-29,110.29463739086509,11.947835921204996,0
2020-10-30,101.50120615797728,11.894349599694147,0
2020-10-31,106.24578328803786,13.023524631347897,0
2020-11-01,105.89165550224428,10.950462964961526,0
2020-11-02,104.64420249448489,13.126580931089947,0
2020-11-03,110.6764445752036,14.806709556070295,0
2020-11-04,109.33680687355765,11.53935339994598,0
2020-11-05,107.25122749188449,13.214461300232898,0
2020-11-06,105.24457965429616,12.48706477008676,0
2020-11-07,103.94130362656671,13.701253276566614,0
2020-11-08,108.74019454999733,13.422822897648276,0
2020-11-09,109.63685106679146,12.892449219703746,0
2020-11-10,113.33921407252072,14.15398283446314,0
2020-11-11,114.06196037615383,15.604507380013663,0
2020-11-12,108.64689527478842,13.745138831752277,0
2020-11-13,107.6809490033969,14.793478341427804,0
2020-11-14,106.5578080676943,12.91987889868703,0
2020-11-15,104.9616672815424,13.397859358485833,0
2020-11-16,111.25957867813852,14.969516546652454,0
2020-11-17,112.97718171613448,16.125669224380715,0
2020-11-18,112.8752864862091,15.14319512232155,0
2020-11-19,112.67981869443442,14.62209475911685,0
2020-11-20,110.06655723392551,15.083513980942557,0
2020-11-21,106.69086020315852,13.984339285055857,0
2020-11-22,110.87101162761526,15.991196903909916,0
2020-11-23,110.23237808994865,16.42231435354929,0
2020-11-24,114.53473558084555,15.242510463354863,0
2020-11-25,115.28320876473626,15.380452190282139,0
2020-11-26,112.9639908336436,16.273494015031886,0
2020-11-27,111.11104906231844,15.729198907397814,0
2020-11-28,107.56480384239296,16.259223453229005,0
2020-11-29,112.92866400325332,18.58560266769662,0
2020-11-30,112.42694313399298,16.400419872844164,0
2020-12-01,114.42496067678896,16.451662191421203,0
2020-12-02,117.41612268645335,16.32596127928823,0
2020-12-03,114.22748420386993,17.8820913870331,0
2020-12-04,110.24386167164698,17.12191851453455,0
2020-12-05,108.35025144002067,16.81981096511767,0
2020-12-06,113.59006061582754,18.957278260568867,0
2020-12-07,113.40045565139512,19.223067010925593,0
2020-12-08,119.32370806972946,17.371180209128728,0
2020-12-09,113.62647205004885,16.27380382703908,0
2020-12-10,119.63480404627953,19.317147773963832,0
2020-12-11,114.02866667708881,17.794794770563993,0
2020-12-12,113.07078868973473,19.440290670409528,0
2020-12-13,111.56404756791557,16.850201314287887,0
2020-12-14,117.28691190384946,19.8838916217429,0
2020-12-15,117.95953600468611,17.95140999785674,0
2020-12-16,121.66075087824758,20.064881495378476,0
2020-12-17,118.37021345010038,19.52012293870421,0
2020-12-18,115.48686789103036,18.723789173000256,0
2020-12-19,113.6683815359425,19.4426663662936,0
2020-12-20,115.61159064929231,20.708039698395837,0
2020-12-21,118.40432028112059,20.299627829108335,0
2020-12-22,118.25872998162207,20.95010116219673,0
2020-12-23,120.46528989647682,22.513975358954525,0
2020-12-24,125.10425142215485,19.144980690254922,1
2020-12-25,123.80073126365447,22.497912534172087,1
2020-12-26,115.98722713374208,21.156272940677145,0
2020-12-27,116.51791074830922,20.324038719616333,0
2020-12-28,119.3478274828479,20.06305305405563,0
2020-12-29,121.29653922326334,21.37437788125509,0
2020-12-30,122.43381085645034,22.654817311901112,0
2020-12-31,126.89147473436456,21.774774135485192,1
2021-01-01,118.7588412515141,23.58207131393932,0
2021-01-02,117.68663417855488,20.787721003993862,0
2021-01-03,116.21104789726931,22.394125531000665,0
2021-01-04,122.15736643261141,21.320426781658345,0
2021-01-05,124.88443751689238,23.102296517023596,0
2021-01-06,125.6989578383441,23.79058601789688,0
2021-01-07,124.62661783578663,22.647111576379498,0
2021-01-08,121.98200065329016,20.62692642260688,0
2021-01-09,121.30781179655128,23.592399188811264,0
2021-01-10,117.98966448757577,23.991496179770326,0
2021-01-11,121.39937785500766,24.119307059047877,0
2021-01-12,125.46655677164894,25.10994984004813,0
2021-01-13,125.87761027133728,22.961122884180234,0
2021-01-14,126.28087182504608,24.869208398966318,0
2021-01-15,122.35683163366481,25.537075945466377,0
2021-01-16,120.55544380517452,22.720271360757724,0
2021-01-17,121.21466554049121,24.97146999771761,0
2021-01-18,123.5143831482291,24.29922101998775,0
2021-01-19,125.15192661727106,24.872039453499475,0
2021-01-20,126.9434266037491,25.449934047016757,0
2021-01-21,124.404538235314,24.762214596141703,0
2021-01-22,122.4779796609782,24.719367283183942,0
2021-01-23,124.54933692465623,25.573263492325722,0
2021-01-24,121.67365003730694,24.594261736384272,0
2021-01-25,129.61315236201798,24.73639789724349,0
2021-01-26,130.02765138115524,26.640588770502788,0
2021-01-27,129.26373550084784,24.94964989423575,0
2021-01-28,127.37916896894366,26.900180244478488,0
2021-01-29,127.20374280095295,26.830038148839492,0
2021-01-30,122.56351218630473,24.77333500964415,0
2021-01-31,125.0257760900213,25.951348767946776,0
2021-02-01,132.35658213428067,27.95083290304745,0
2021-02-02,129.61546945182153,25.90136862538916,0
2021-02-03,132.57311219329222,26.541903898162005,0
2021-02-04,128.92494704481086,27.590069778360466,0
2021-02-05,127.71189767657147,28.030990826520608,0
2021-02-06,128.3690202989107,27.113508181786422,0
2021-02-07,125.33390603358968,26.882804187812585,0
2021-02-08,132.7375311758786,29.015738013503572,0
2021-02-09,133.80017387402137,29.443074585101822,0
2021-02-10,132.19952992667163,28.791559952277744,0
2021-02-11,132.01109880249183,28.00423512006575,0
2021-02-12,129.5574235859377,27.2145229969278,0
2021-02-13,127.56741950767965,27.293841980824077,0
2021-02-14,125.83993107406651,28.745894054409092,0
2021-02-15,129.553986112194,28.73843830136631,0
2021-02-16,133.3720807295091,29.81583677104195,0
2021-02-17,133.92036884559008,29.156396459800593,0
2021-02-18,132.2046000733437,27.09205720829596,0
2021-02-19,130.623401567496,29.733732831098337,0
2021-02-20,125.65091753552976,27.76780320945951,0
2021-02-21,129.31883138400627,28.463377228081587,0
2021-02-22,132.5338638507483,29.17641529678435,0
2021-02-23,135.99045518172025,30.998107760161044,0
2021-02-24,138.15630768309572,32.185920039315526,0
2021-02-25,134.79397742050597,29.7536000205217,0
2021-02-26,131.28406133263428,29.031849112688512,0
2021-02-27,129.42339126200332,29.814993269625074,0
2021-02-28,127.95061158173898,30.2308386911582,0
2021-03-01,132.82555593562859,29.08244648562145,0
2021-03-02,136.22256586436666,31.255473780238198,0
2021-03-03,136.06976925613495,29.74468205281215,0
2021-03-04,132.39215866078916,30.063887725449863,0
2021-03-05,130.2869317071485,30.280771455048285,0
2021-03-06,131.81833080236288,30.082291192268244,0
2021-03-07,131.10495532256783,30.542643702871864,0
2021-03-08,133.7504415974985,29.126577154708635,0
2021-03-09,135.23977273855968,29.2227723700017,0
2021-03-10,135.58043840208816,28.715269296472577,0
2021-03-11,136.32429178251738,30.2863696238237,0
2021-03-12,131.81960790417094,30.654335913696357,0
2021-03-13,130.99450506269923,30.35878100375153,0
2021-03-14,131.53472251585492,31.598179430762762,0
2021-03-15,132.97831661750794,29.937833259762456,0
2021-03-16,135.97686144790435,30.62897079466236,0
2021-03-17,136.35326823939616,28.88238073136195,0
2021-03-18,134.1539458318733,29.597882882243077,0
2021-03-19,134.8502922712935,30.68846660250973,0
2021-03-20,130.13798744306118,30.847020147497584,0
2021-03-21,131.13318781802988,29.70598173610264,0
2021-03-22,133.26886868698978,29.927420933221903,0
2021-03-23,137.6086149580687,28.47725906877078,0
2021-03-24,137.03662110470574,29.631258524410285,0
2021-03-25,137.4386018448256,30.86887010346799,0
2021-03-26,130.88969869046014,30.540938375962135,0
2021-03-27,131.86625158680212,30.45069648030973,0
2021-03-28,133.12024735505273,29.98115747100026,0
2021-03-29,134.23634364611573,29.916861111096026,0
2021-03-30,137.65932874322235,29.2249585129955,0
2021-03-31,136.6789614938003,30.556664559384554,0
2021-04-01,137.7739600544454,30.248448477973568,0
2021-04-02,136.53838975460206,30.286225667859867,0
2021-04-03,130.29849228805782,29.232005000110743,0
2021-04-04,129.75997371119598,27.565642384837098,0
2021-04-05,136.88257770185456,30.774207474276952,0
2021-04-06,138.44615928954585,29.153423168136694,0
2021-04-07,135.6117656787788,28.721840380836966,0
2021-04-08,135.0426644701794,30.227614335410145,0
2021-04-09,131.95789239315303,29.088820758131792,0
2021-04-10,129.57011983628354,30.484662225517887,0
2021-04-11,130.47652086914096,29.982835306462547,0
2021-04-12,132.68389154461562,29.987730695912514,0
2021-04-13,134.10037418910943,27.87378442629794,0
2021-04-14,137.26829659187226,30.384528699911503,0
2021-04-15,135.41637762892728,29.36396550739586,0
2021-04-16,134.34354457400875,28.660874458742654,0
2021-04-17,129.1351864867819,29.098304520018953,0
2021-04-18,131.46329614772023,27.100795370735487,0
2021-04-19,133.24498424093278,29.20517110989828,0
2021-04-20,134.89335305703165,27.68403145373247,0
2021-04-21,136.28018967391927,27.275038903446337,0
2021-04-22,131.77026195041145,27.017103152491703,0
2021-04-23,132.91327392336186,29.561376898826474,0
2021-04-24,129.82491037341657,27.72615121241018,0
2021-04-25,132.09118876763105,29.79339589667825,0
2021-04-26,132.7865896549313,27.625676135666495,0
2021-04-27,137.57128091036608,26.353513940555885,0
2021-04-28,133.754863813396,26.841356415948585,0
2021-04-29,133.58905709357526,29.088346568677334,0
2021-04-30,129.89481572240456,27.588967172080444,0
2021-05-01,128.01657761012618,27.086616624613253,0
2021-05-02,128.77338724981348,27.682701427139335,0
2021-05-03,133.9355570522952,27.91001913464919,0
2021-05-04,136.86631382915706,28.40899619524182,0
2021-05-05,134.5227404298555,28.621299889114944,0
2021-05-06,131.28432071488265,26.692112746201257,0
2021-05-07,129.91577334149193,25.602827673518856,0
2021-05-08,127.16042129316483,26.3903538003944,0
2021-05-09,129.77424786166307,26.937029710523717,0
2021-05-10,130.58977835824348,25.58394476264534,0
2021-05-11,130.2076726339535,25.459569688012095,0
2021-05-12,136.00584612312315,26.627626587646702,0
2021-05-13,134.36031562748542,26.100444968745663,0
2021-05-14,128.030501375058,26.04533331312044,0
2021-05-15,126.10500394733066,25.11570077417272,0
2021-05-16,127.8434937531991,25.503716916695616,0
2021-05-17,129.6748353596683,24.66810919100161,0
2021-05-18,133.42169916633304,26.339110586694083,0
2021-05-19,135.93946257172186,26.3391189298151,0
2021-05-20,129.12812226311323,23.311069652031062,0
2021-05-21,125.96166801247263,24.079608457783788,0
2021-05-22,122.9431998791104,23.362969587598005,0
2021-05-23,124.81698321720283,24.0584164291037,0
2021-05-24,128.36079759232013,24.472550611287673,0
2021-05-25,132.43747405750443,22.95254338862697,0
2021-05-26,129.67233469164128,23.325226144014064,0
2021-05-27,128.9170311151554,23.086769152807996,0
2021-05-28,126.48303125519537,24.140423910246376,0
2021-05-29,126.38520993259627,23.843767089530928,0
2021-05-30,128.2965181597782,22.8928344583876,0
2021-05-31,126.39138629371718,23.63047253308329,0
2021-06-01,128.16000872569643,22.745029234485273,0
2021-06-02,130.9980057722871,22.85713779712911,0
2021-06-03,129.79009764361697,24.63840272597754,0
2021-06-04,128.52412498776582,24.14069203909866,0
2021-06-05,123.2111006599434,21.335101468609473,0
2021-06-06,123.43991723436092,23.298087196644484,0
2021-06-07,126.98463334135288,23.112692980594094,0
2021-06-08,128.71530758340532,20.985293794050293,0
2021-06-09,129.82505859495487,22.783964029391733,0
2021-06-10,127.94490966404099,23.334166076615084,0
2021-06-11,124.36452709256918,20.504205589937733,0
2021-06-12,122.79732571744539,20.539282431533373,0
2021-06-13,124.63492133730874,22.30405048956296,0
2021-06-14,125.20946182690199,21.387107440509116,0
2021-06-15,126.27519799822058,21.49598138430935,0
2021-06-16,126.97384275127943,21.113707810599248,0
2021-06-17,126.74482167481924,20.992199222025555,0
2021-06-18,119.84969013633284,19.10323788518093,0
2021-06-19,121.20223779511475,21.305107274401703,0
2021-06-20,120.48428934062504,21.255382830415712,0
2021-06-21,122.39543242978326,19.684379976646575,0
2021-06-22,126.4985123622587,19.698297170258442,0
2021-06-23,124.32530637803278,18.03874643006661,0
2021-06-24,123.48321597622468,19.9123157883319,0
2021-06-25,118.57575173078804,19.798503697144763,0
2021-06-26,119.50167822156185,18.992869368546163,0
2021-06-27,120.412102385924,20.00830749836537,0
2021-06-28,123.9295463328796,18.379100916390165,0
2021-06-29,122.8781139079091,19.107388873428114,0
2021-06-30,123.06777808093251,17.353154622976998,0
2021-07-01,121.85840949385192,18.17978433397756,0
2021-07-02,120.92774995993751,17.86003141177132,0
2021-07-03,116.80665520508674,18.091324433441486,0
2021-07-04,117.36229736554121,17.328751904340347,0
2021-07-05,120.11620009702848,17.39974967559958,0
2021-07-06,122.17709389693381,18.190943431859058,0
2021-07-07,120.82257635598769,16.762585781916922,0
2021-07-08,119.23248120184583,15.428055434541506,0
2021-07-09,119.73709302269006,18.620376455551618,0
2021-07-10,114.51860196497373,18.089332628930862,0
2021-07-11,115.00953281574012,15.253676045731092,0
2021-07-12,117.07219128391127,17.074728848975298,0
2021-07-13,121.32348686017289,15.72219830650473,0
2021-07-14,118.06507306054743,16.32992935773073,0
2021-07-15,117.68772893658124,16.203099339811683,0
2021-07-16,115.95364300898963,15.51811110852541,0
2021-07-17,115.56687291469609,14.813653839289124,0
2021-07-18,113.54007530310079,14.753081842992296,0
2021-07-19,114.80234256863316,14.374982675550653,0
2021-07-20,120.64084462215212,14.308297495721051,0
2021-07-21,116.47459408558304,14.923324643589268,0
2021-07-22,113.12719940154561,14.126608564991994,0
2021-07-23,115.11359919282197,15.377812466402666,0
2021-07-24,112.35503822064697,16.037968012447692,0
2021-07-25,110.71157556194859,13.827242601236403,0
2021-07-26,115.9414248139747,14.50492929977458,0
2021-07-27,117.54651361980545,14.62513578964569,0
2021-07-28,116.69965917699855,14.459117204021947,0
2021-07-29,113.56893165434562,13.926513764207991,0
2021-07-30,114.40132766105303,14.45850419651683,0
2021-07-31,112.09727832130321,14.065193602141491,0
2021-08-01,110.33155019055359,12.21430400835601,0
2021-08-02,116.67317635962789,14.192081944775916,0
2021-08-03,114.47017493965613,14.083152021012507,0
2021-08-04,113.194105436796,12.30752383707013,0
2021-08-05,113.12277975211214,12.985746993017566,0
2021-08-06,111.69939678333857,13.510224223431402,0
2021-08-07,109.79987861513584,12.49879012119678,0
2021-08-08,110.25015625674473,13.66444848805717,0
2021-08-09,114.09131941529368,14.840901737514077,0
2021-08-10,111.97547265673016,11.578828180943258,0
2021-08-11,116.077472358614,10.873813955420541,0
2021-08-12,113.01604822462183,12.451013411135106,0
2021-08-13,112.3051518223519,12.763417349005863,0
2021-08-14,108.79426999137755,11.708003441570398,0
2021-08-15,110.4036642863979,13.291530868384358,0
2021-08-16,111.09521791771841,10.401479982144183,0
2021-08-17,114.33131476024249,12.337264223209516,0
2021-08-18,114.28179728967001,10.945217170295946,0
2021-08-19,114.94460105095193,13.179688460091622,0
2021-08-20,110.67063526237327,13.364585501379405,0
2021-08-21,108.02842059375766,10.51972629800809,0
2021-08-22,107.41089553395636,10.653716986955722,0
2021-08-23,112.77107066380574,11.982356339629725,0
2021-08-24,111.07160328534223,10.657759048281829,0
2021-08-25,115.45321528703236,10.924249686772718,0
2021-08-26,110.99570339187548,10.92249275450348,0
2021-08-27,105.02776021762605,8.907568300298603,0
2021-08-28,106.77833967767317,10.746255199765727,0
2021-08-29,105.63385677323065,10.00595089831264,0
2021-08-30,110.27899129084328,10.140894874866856,0
2021-08-31,111.4494427955317,12.018760270472814,0
2021-09-01,110.62481790463148,9.262520913639502,0
2021-09-02,107.98871853705816,11.278938107787308,0
2021-09-03,106.79997172941397,10.136296446848377,0
2021-09-04,102.13679767268276,10.087861943779124,0
2021-09-05,104.53974599291631,11.113207119008502,0
2021-09-06,110.05698421227581,10.620963256955639,0
2021-09-07,112.50822374095313,10.812477733551658,0
2021-09-08,112.71876570283807,11.173889760028196,0
2021-09-09,108.16442685361078,9.841135368911322,0
2021-09-10,106.71254268610062,9.529853802190145,0
2021-09-11,104.81686165380619,9.029503908752043,0
2021-09-12,103.76886591506941,9.264733036735342,0
2021-09-13,112.32471773086905,13.017659609380352,0
2021-09-14,112.66553173726689,11.294605253509191,0
2021-09-15,110.00092969479797,8.683156182339896,0
2021-09-16,108.7318355092008,8.699026499094353,0
2021-09-17,107.45252243176407,10.493557228134819,0
2021-09-18,102.46667024457444,10.55211837565299,0
2021-09-19,105.71606378740614,10.549857550083717,0
2021-09-20,106.90842943571042,9.745096930450648,0
2021-09-21,108.83765357876243,9.876636618522088,0
2021-09-22,110.75930952934912,10.334967099364922,0
2021-09-23,112.10286258213557,10.10093434173647,0
2021-09-24,106.37899113663377,7.80664943284456,0
2021-09-25,104.13345766955062,9.810010127085418,0
2021-09-26,106.06147817258285,9.205210656005576,0
2021-09-27,110.27327737822661,10.25157824875632,0
2021-09-28,113.60701518112735,13.084312134744085,0
2021-09-29,111.3365516349075,10.492150949376969,0
2021-09-30,108.26749872912845,9.839678018729943,0
2021-10-01,108.44978718962408,11.106461452139044,0
2021-10-02,106.13684162649908,10.701704599664831,0
2021-10-03,107.46600247478041,10.676362315516968,0
2021-10-04,109.5724807714749,10.903252858002448,0
2021-10-05,113.45241258690443,12.395951720023682,0
2021-10-06,109.78918911959389,9.254384334826455,0
2021-10-07,111.9589082899258,10.907614614395456,0
2021-10-08,106.89115664826919,9.55914191350363,0
2021-10-09,109.03294425707094,11.095391682533243,0
2021-10-10,104.64435994122348,9.67834791940262,0
2021-10-11,110.99570375257039,10.239605500772427,0
2021-10-12,111.17880914602149,10.424585035835443,0
2021-10-13,111.32194964646838,11.760940502602226,0
2021-10-14,109.99495518049463,11.771753890509766,0
2021-10-15,106.42165086450565,9.678464389280796,0
2021-10-16,106.78278714076289,11.052683876518268,0
2021-10-17,107.14237216541747,10.36440182123713,0
2021-10-18,107.60857595609659,9.894350028206771,0
2021-10-19,111.50169155054644,11.017329163914,0
2021-10-20,115.378565584335,11.009948599319785,0
2021-10-21,114.8807776760339,13.831802063383744,0
2021-10-22,109.25446838909276,11.927242965118165,0
2021-10-23,106.06131653396946,10.20838018018523,0
2021-10-24,107.36886127462117,11.115428056605035,0
2021-10-25,111.52745607205426,12.79825169810476,0
2021-10-26,112.18353192202784,13.964410874381803,0
2021-10-27,111.83470267193657,10.391488519852306,0
2021-10-28,108.05037378132977,10.201425172684559,0
2021-10-29,110.93482586578246,14.058535714993399,0
2021-10-30,108.93384523225701,12.68571752235774,0
2021-10-31,107.20527512822328,11.53862312543971,0
2021-11-01,113.62415676018348,13.054604371526526,0
2021-11-02,110.01704642105632,9.999500434130326,0
2021-11-03,111.97448026606403,12.756075916040507,0
2021-11-04,113.23513192237269,13.200118411129234,0
2021-11-05,112.38279444738126,13.918273408587703,0
2021-11-06,110.71433720725786,12.103886534669401,0
2021-11-07,108.90464920415619,13.329285425163677,0
2021-11-08,113.11842890247249,12.445988742472942,0
2021-11-09,114.66829607769226,13.756573734407013,0
2021-11-10,114.53065986051489,12.73754336901093,0
2021-11-11,114.9619666718861,13.35837269523224,0
2021-11-12,111.83961188438933,12.90608658338974,0
2021-11-13,108.04503007001108,14.690271189104752,0
2021-11-14,113.51437829948742,15.036582948909055,0
2021-11-15,115.24839431485219,14.084230931721986,0
2021-11-16,114.94087472869856,14.499490309307955,0
2021-11-17,116.35452768984747,13.156700716933004,0
2021-11-18,115.76510145914047,14.451251681629156,0
2021-11-19,113.16101520399407,14.847913195420267,0
2021-11-20,112.12607456813473,17.667610115338768,0
2021-11-21,110.48822931624662,14.08501493691294,0
2021-11-22,115.55539277483722,16.81274543012828,0
2021-11-23,119.62712068283702,16.49838962703688,0
2021-11-24,119.04444560887138,15.936461089650239,0
2021-11-25,117.15044699768887,17.57002451231102,0
2021-11-26,115.64451287746607,16.34032831661461,0
2021-11-27,108.81914001782542,16.515393923293086,0
2021-11-28,115.34893344936638,16.23227226769201,0
2021-11-29,114.34959000127002,17.669219208209586,0
2021-11-30,118.90849685435863,17.703428753935864,0
2021-12-01,117.54424982059872,16.14359548222953,0
2021-12-02,115.46982128811571,15.613294848892606,0
2021-12-03,117.44860844659243,16.893738390021333,0
2021-12-04,113.25515558844351,16.461716574494016,0
2021-12-05,115.72994112179393,17.36407696645954,0
2021-12-06,118.4996647788387,18.83164729203217,0
2021-12-07,120.84948756315865,17.30422703075017,0
2021-12-08,121.31374069138413,17.886687232689685,0
2021-12-09,117.94930806934406,18.156127968094275,0
2021-12-10,119.47829316693303,19.1156935360358,0
2021-12-11,114.00326036018635,16.190043485248303,0
2021-12-12,114.21385675590564,18.000365226596166,0
2021-12-13,118.98530958424202,18.988894107491877,0
2021-12-14,125.06082893458388,20.148595990234668,0
2021-12-15,123.89345598325163,18.627832355623468,0
2021-12-16,119.88638518333681,17.414660351043494,0
2021-12-17,119.02585500024276,20.082612498466926,0
2021-12-18,116.93772388804015,18.999385595310237,0
2021-12-19,121.02923649112797,18.61703634062842,0
2021-12-20,121.41948562226116,19.354369825280703,0
2021-12-21,124.34929113245416,19.966208371123507,0
2021-12-22,125.82547982596748,19.717962973491193,0
2021-12-23,122.3036192083119,18.28901999579839,0
2021-12-24,126.06442252387704,21.563384308682505,1
2021-12-25,125.01148348230485,22.1127280377227,1
2021-12-26,120.653479059659,21.660661938250648,0
2021-12-27,122.22666728573434,20.042442606207732,0
2021-12-28,126.53078941807844,21.149275853462942,0
2021-12-29,126.46308166458165,21.514485469157187,0
2021-12-30,126.47356806268594,22.289590480546632,0
2021-12-31,127.94111756441022,22.528425552535225,1
2022-01-01,120.96436367581747,21.29464980877487,0
2022-01-02,119.16658991541844,22.278957346156965,0
2022-01-03,126.3570959895916,22.82173026020942,0
2022-01-04,128.69449355539754,23.987060564839112,0
2022-01-05,130.0472308883206,23.40178413549548,0
2022-01-06,122.87973346513839,23.651575468189137,0
2022-01-07,127.57581961018433,23.110739528525063,0
2022-01-08,123.65151013195359,24.600870453355693,0
2022-01-09,125.7459693697857,23.76272841763331,0
2022-01-10,124.3498192061286,22.65343982855035,0
2022-01-11,130.77500794779098,25.078419820598047,0
2022-01-12,128.67266507072824,24.532387728384197,0
2022-01-13,127.24923003414833,23.549740354447565,0
2022-01-14,128.6693505586956,23.670409798773257,0
2022-01-15,124.59210862631969,24.60236867891569,0
2022-01-16,126.1195174760786,24.9235941431831,0
2022-01-17,129.5190039085369,24.810997920800148,0
2022-01-18,131.6044323146523,25.07694536613453,0
2022-01-19,132.73058087012384,26.616114876221644,0
2022-01-20,131.28217356069266,26.13676669273563,0
2022-01-21,131.43630004815546,25.403426289484035,0
2022-01-22,126.79857892526586,26.30012588807139,0
2022-01-23,126.80640457389102,24.470730253196812,0
2022-01-24,131.5074016591617,26.043991554647786,0
2022-01-25,135.00300579085948,27.5965104410873,0
2022-01-26,134.70712841714163,25.708585255817262,0
2022-01-27,132.100732561396,25.216670496938033,0
2022-01-28,127.15698430385471,25.54809428606674,0
2022-01-29,129.64863945240603,25.24459415246735,0
2022-01-30,126.45161518449783,25.681634897098572,0
2022-01-31,131.42727271215634,26.22614481120382,0
2022-02-01,131.77215606254083,25.31938993945681,0
2022-02-02,134.4427478302215,26.866889318468466,0
2022-02-03,134.14188331936379,27.87783478287825,0
2022-02-04,130.6398547099081,26.190023873794942,0
2022-02-05,130.81961750078372,28.73718607512365,0
2022-02-06,132.7746927215522,27.846680444177963,0
2022-02-07,133.88230518677585,28.482284338055415,0
2022-02-08,134.35598621066106,26.907479516333474,0
2022-02-09,137.8400382279768,28.531210916858893,0
2022-02-10,135.56924367665817,26.693851754202065,0
2022-02-11,130.70887746059776,28.782829181002505,0
2022-02-12,131.5685129945899,28.168881503629578,0
2022-02-13,132.70561662002257,28.652387414054562,0
2022-02-14,132.68596615467044,27.02323895397624,0
2022-02-15,137.8768592122685,27.40103491609899,0
2022-02-16,137.22692682886986,28.988149224533966,0
2022-02-17,135.25075895925644,27.53490624143869,0
2022-02-18,133.20405359608498,29.036283445730596,0
2022-02-19,130.9200587358538,27.293225343682487,0
2022-02-20,131.311810024224,29.5932606185327,0
2022-02-21,132.04092468951785,27.594698535058402,0
2022-02-22,140.1534551250872,29.459045114505624,0
2022-02-23,137.25541745859607,29.609263788277712,0
2022-02-24,134.7595980689475,28.36109031251331,0
2022-02-25,131.3144688201309,29.711437607207248,0
2022-02-26,131.90037192538355,29.45870067303083,0
2022-02-27,131.10065957745616,28.72554201043012,0
2022-02-28,137.7351273556393,28.3192131592365,0
2022-03-01,138.67937490244685,27.42576589175578,0
2022-03-02,138.21488810561752,29.795887194729477,0
2022-03-03,139.96605824494208,27.93648464652188,0
2022-03-04,136.56118892903626,29.64887030397143,0
2022-03-05,132.86746225507108,29.339489533018284,0
2022-03-06,130.85121944207717,30.328650505332753,0
2022-03-07,139.89046949370484,29.3911767666158,0
2022-03-08,136.79184175717006,29.40462063555218,0
2022-03-09,137.7133954886479,30.503904814529054,0
2022-03-10,139.93943948173327,30.14216612555621,0
2022-03-11,139.53195440949423,30.155435958819275,0
2022-03-12,136.49490930324765,30.337807895358143,0
2022-03-13,134.7142232464812,28.359308226409667,0
2022-03-14,138.55089146929834,30.675081019382148,0
2022-03-15,141.2632730994678,30.551238140913956,0
2022-03-16,140.78480947826003,28.939622184079873,0
2022-03-17,138.96606767758067,29.726814573814615,0
2022-03-18,136.2735306896356,29.943226946432805,0
2022-03-19,134.39241944170448,29.856722643746938,0
2022-03-20,134.2609195717352,30.330808026233388,0
2022-03-21,138.01602359048903,31.43108521524593,0
2022-03-22,138.070414621968,31.081296457273023,0
2022-03-23,139.63821735730352,28.684162810630287,0
2022-03-24,137.8691535408474,30.61234617856791,0
2022-03-25,135.54223181223284,31.31014740854525,0
2022-03-26,135.2996928828303,30.356006908615793,0
2022-03-27,138.1361708773803,31.045213065837334,0
2022-03-28,140.3363123395163,31.948591721490338,0
2022-03-29,138.36372340802575,30.93917913970922,0
2022-03-30,139.35383776440935,30.140992360079316,0
2022-03-31,141.1038087867609,30.91005930098991,0
2022-04-01,135.0714173618346,29.98022651888981,0
2022-04-02,134.50428140646443,29.826699153013134,0
2022-04-03,136.008106463749,29.415938492869003,0
2022-04-04,137.20849968811368,31.29243238945542,0
2022-04-05,139.71497251534575,28.869377693465864,0
2022-04-06,139.52105741691327,31.176094635106963,0
2022-04-07,138.34875465272248,30.09665785124477,0
2022-04-08,135.95495684320562,28.147714524116463,0
2022-04-09,132.48606647922395,29.862071846302243,0
2022-04-10,134.59414914942948,27.338988347667506,0
2022-04-11,137.8399704722453,30.00632201780364,0
2022-04-12,141.1506606308631,30.20506869582941,0
2022-04-13,140.2977161719877,28.663746579283124,0
2022-04-14,140.75767876623834,29.313176523329062,0
2022-04-15,137.33363255796053,31.074593194545148,0
2022-04-16,133.33794849300403,28.542797106278975,0
2022-04-17,134.34432564365002,27.915066663539765,0
2022-04-18,138.77321037113754,30.378412549756273,0
2022-04-19,140.5892905223025,30.779478543314195,0
2022-04-20,139.90069771315783,28.738120170119526,0
2022-04-21,137.68439961305515,29.660836022435895,0
2022-04-22,135.25001162073207,29.903237902692414,0
2022-04-23,131.1754674494187,27.72913319163961,0
2022-04-24,136.54213820588382,27.89366013793558,0
2022-04-25,135.3282938694792,29.514709564747513,0
2022-04-26,138.67016599737985,29.87126708852476,0
2022-04-27,138.43175599169214,28.649128984303537,0
2022-04-28,138.25324913462572,27.10403623402488,0
2022-04-29,135.47195312869337,29.866151612787494,0
2022-04-30,134.53521465744643,27.241027967195542,0
2022-05-01,132.22985132246924,27.32746958825189,0
2022-05-02,136.28681435320146,27.893286219528733,0
2022-05-03,137.56074562329295,28.99121537425942,0
2022-05-04,142.06016325499579,28.174936754390966,0
2022-05-05,135.04061908849314,27.617565712417626,0
2022-05-06,134.57539890508215,27.545596781517748,0
2022-05-07,133.04600337489882,27.00333519043209,0
2022-05-08,133.46057974240037,27.393412783830936,0
2022-05-09,132.90816037163776,24.179143271812602,0
2022-05-10,136.52686648556343,26.283540757377782,0
2022-05-11,137.53655218592752,26.69096784658338,0
2022-05-12,134.63598740104038,25.16622096927605,0
2022-05-13,134.4626467452225,26.569278140449356,0
2022-05-14,134.19333903438582,25.84237373558772,0
2022-05-15,131.63205884192257,27.66442143011835,0
2022-05-16,132.48229794452612,27.34231768013892,0
2022-05-17,135.3567165976444,25.162137380843138,0
2022-05-18,139.95421790359987,25.334084834568053,0
2022-05-19,133.12674815499807,25.266331499874514,0
2022-05-20,133.78302535521078,24.742395834179106,0
2022-05-21,132.42527005227223,25.241319534692035,0
2022-05-22,128.9026592340635,24.138758442356917,0
2022-05-23,132.5232126987014,23.61572202381446,0
2022-05-24,137.32206750170803,25.21694091257409,0
2022-05-25,134.70410599326536,25.07029209633851,0
2022-05-26,132.29169189905267,23.481665482827246,0
2022-05-27,129.94656559787273,25.025287112815917,0
2022-05-28,126.56106390537195,23.341082279225137,0
2022-05-29,128.0207635337123,24.067377998755195,0
2022-05-30,129.6439200205655,24.474980838735707,0
2022-05-31,133.16149039323517,23.460366860991304,0
2022-06-01,132.62324930804184,23.787029012683092,0
2022-06-02,131.71678753885166,22.65318105384102,0
2022-06-03,126.41293075006624,22.809528772687575,0
2022-06-04,127.4046367765781,22.635631061234687,0
2022-06-05,128.20216354655346,21.929566438822338,0
2022-06-06,126.4357901209614,22.333233001197364,0
2022-06-07,131.29552966177562,20.79450849289788,0
2022-06-08,133.5739626899813,21.68439930315307,0
2022-06-09,128.20152840239015,21.72246003431015,0
2022-06-10,129.72037694221976,21.582344249691527,0
2022-06-11,126.00612187140615,21.42767098199196,0
2022-06-12,124.78645559286116,21.437554719886297,0
2022-06-13,128.2087093547659,21.808467257126136,0
2022-06-14,131.48955437355556,22.032856352368057,0
2022-06-15,130.20701168957117,20.33754481935445,0
2022-06-16,128.72129099992475,19.612787797853755,0
2022-06-17,123.80008241143922,19.60238138386949,0
2022-06-18,123.91871749978266,19.98546932182651,0
2022-06-19,121.9777104774861,19.948857500792464,0
2022-06-20,125.79864714625893,19.35880032270756,0
2022-06-21,126.41147825480479,18.660659182027587,0
2022-06-22,127.51891037629603,19.32864726689822,0
2022-06-23,129.00693772882724,19.79425065316493,0
2022-06-24,126.20550775633089,20.03602400916276,0
2022-06-25,122.93829043104677,18.711907419203303,0
2022-06-26,120.82253343239107,18.68488479602117,0
2022-06-27,123.79404003875128,18.000003406217232,0
2022-06-28,128.74129715738292,18.72439924781996,0
2022-06-29,126.99371245437322,17.736914654562774,0
2022-06-30,129.26043741501212,18.988394592234172,0
2022-07-01,122.12341019491328,16.45979272535421,0
2022-07-02,120.82506152425049,17.71694112079344,0
2022-07-03,120.82031572340954,18.20915888204254,0
2022-07-04,123.53110048124147,17.923985849982852,0
2022-07-05,126.72523365905845,20.26595351402823,0
2022-07-06,126.96212367858415,17.756206603067366,0
2022-07-07,124.67285001083326,16.236606196129493,0
2022-07-08,119.7746233527674,16.980267293219374,0
2022-07-09,116.09986349178811,15.13542129226308,0
2022-07-10,116.71460679554086,16.667917849089932,0
2022-07-11,121.90133413060278,15.753273679997013,0
2022-07-12,122.656227151558,17.340542311120508,0
2022-07-13,120.56066469511808,15.715491914553878,0
2022-07-14,122.78888657951273,15.989251664008277,0
2022-07-15,122.81158799108243,15.312597421099557,0
2022-07-16,118.64637248593421,17.530343303103432,0
2022-07-17,119.03962198931424,15.314831239118341,0
2022-07-18,121.3269424905563,17.314504458612305,0
2022-07-19,122.5762843971199,16.143309551596495,0
2022-07-20,124.27073816322668,15.659817068515522,0
2022-07-21,120.55460824811175,15.396503021456116,0
2022-07-22,118.5935022722635,15.273058068203039,0
2022-07-23,115.45129704064173,12.80459439561233,0
2022-07-24,115.32928612790614,14.307948592730096,0
2022-07-25,120.63533486260407,15.28815681349269,0
2022-07-26,120.49170825442638,14.251912920307868,0
2022-07-27,119.18580676006998,12.755118000433443,0
2022-07-28,120.11450083657343,13.969129198974233,0
2022-07-29,116.21648204972375,15.588634092499225,0
2022-07-30,115.5149719218262,14.996224884853273,0
2022-07-31,115.06114343888304,13.553983425906075,0
2022-08-01,119.4676542513952,14.435980110310535,0
2022-08-02,119.9183131842986,12.988495243014997,0
2022-08-03,118.76070029745719,11.52356846842493,0
2022-08-04,118.68693313643662,12.177415968438384,0
2022-08-05,118.25472225752546,14.5412538905015,0
2022-08-06,114.10342252534558,12.582933020317002,0
2022-08-07,113.70504490871218,12.494216853411704,0
2022-08-08,113.86118881036035,12.320586427906578,0
2022-08-09,117.7296622603726,14.409568740228881,0
2022-08-10,119.11514678866534,14.018616355694952,0
2022-08-11,117.2273546453459,14.500914098511819,0
2022-08-12,113.67010901702461,12.014848920152302,0
2022-08-13,112.5270633944716,12.363594755424803,0
2022-08-14,112.57337220895766,10.447751068594469,0
2022-08-15,115.66255219659563,13.34012926067995,0
2022-08-16,117.10760468311075,10.596624311397257,0
2022-08-17,117.73857821409553,11.884825499926357,0
2022-08-18,112.12423177357536,10.476859040101495,0
2022-08-19,111.24052954480153,10.893899713717085,0
2022-08-20,110.52481535429862,10.556629468537293,0
2022-08-21,109.5101953335239,10.699688683888267,0
2022-08-22,114.48157328236267,10.684685518068868,0
2022-08-23,118.0913789450373,10.594380719289202,0
2022-08-24,118.90862143629914,11.897445751500847,0
2022-08-25,113.8546875558011,9.883355645235508,0
2022-08-26,114.48679195052694,11.135533195039113,0
2022-08-27,111.33645718475293,12.062412650157606,0
2022-08-28,110.03941877995322,10.263428136673989,0
2022-08-29,111.74219626779771,9.993605958975092,0
2022-08-30,114.74474832232518,10.4186491823119,0
2022-08-31,115.94351146013588,11.76931503353302,0
2022-09-01,114.47247765999133,10.72689816557549,0
2022-09-02,111.32852436921718,9.947578449057913,0
2022-09-03,109.99121589162682,10.911489082305586,0
2022-09-04,110.18648797991291,9.276972592219689,0
2022-09-05,114.65339344212498,11.015123493783197,0
2022-09-06,116.39809466343382,10.699730927078276,0
2022-09-07,112.82421637940674,9.9435477969957,0
2022-09-08,109.21133066810405,9.375887898966296,0
2022-09-09,111.74769159432373,9.293805899075915,0
2022-09-10,107.46575174468273,10.684223033581466,0
2022-09-11,110.11875395700334,11.350220024935814,0
2022-09-12,109.87447206413133,9.458688884788433,0
2022-09-13,111.88159141872005,10.532071198675933,0
2022-09-14,114.40481504616186,7.967282696286546,0
2022-09-15,113.96970901379078,9.45326029376172,0
2022-09-16,109.65912500841102,9.993335353246025,0
2022-09-17,104.45515426813733,9.104179073055903,0
2022-09-18,108.057746057993,9.069779377919652,0
2022-09-19,111.94782517525299,9.333886759741047,0
2022-09-20,112.04359189897501,10.292198275831746,0
2022-09-21,114.81303277821944,9.81397491963737,0
2022-09-22,111.64991437903167,7.767329870285431,0
2022-09-23,110.00170175976814,7.892075631806495,0
2022-09-24,108.59408684248993,9.416080667739921,0
2022-09-25,108.17403462085392,10.49375486364583,0
2022-09-26,111.85589704304478,7.304634354563136,0
2022-09-27,113.52654909302652,9.571423672890045,0
2022-09-28,114.30003223851182,9.5668587495934,0
2022-09-29,112.48409441798216,11.506328750530258,0
2022-09-30,109.57326258484338,9.760777772277457,0
2022-10-01,107.77427958414955,10.559513196841703,0
2022-10-02,109.30604980040235,10.351412904828859,0
2022-10-03,113.14927241666543,8.116117809987472,0
2022-10-04,112.64655560117173,11.054306194514101,0
2022-10-05,112.57369719060549,10.543784671020422,0
2022-10-06,115.79949532705247,10.881807978463584,0
2022-10-07,112.77641310465988,14.347776843034703,0
2022-10-08,106.91168448719547,8.388260415581247,0
2022-10-09,112.39800856215471,12.250723601331421,0
2022-10-10,111.13024978448233,10.29503652970702,0
2022-10-11,117.53437682671479,10.929056845530592,0
2022-10-12,116.26216309822742,10.658228851108888,0
2022-10-13,112.7373483654804,10.344268830866616,0
2022-10-14,114.09278725772594,10.26616805172281,0
2022-10-15,108.94693637521522,11.235717305976069,0
2022-10-16,110.52606311288868,9.461933463361937,0
2022-10-17,113.65803415080073,11.805254344509498,0
2022-10-18,116.9010404897952,10.716695854588144,0
2022-10-19,117.53941173489254,10.083659923349021,0
2022-10-20,114.13162770495764,10.84715540617831,0
2022-10-21,111.4798606762713,12.64033179074717,0
2022-10-22,110.71046158113062,10.936411651486498,0
2022-10-23,110.23237027023053,11.921288168676925,0
2022-10-24,116.07745816937464,10.925462779713891,0
2022-10-25,116.62126355563736,12.51039441015183,0
2022-10-26,116.52822484033,12.536474379876669,0
2022-10-27,116.55547169055808,13.800480985317373,0
2022-10-28,110.57104698870961,11.879595287968362,0
2022-10-29,110.15234492283852,12.829452125875136,0
2022-10-30,113.78545725231604,12.366822694499131,0
2022-10-31,114.2052701809136,13.674872570399593,0
2022-11-01,114.90194108160013,11.772669210781004,0
2022-11-02,118.88328844295964,13.351229606597304,0
2022-11-03,117.82166619156708,12.52843763011958,0
2022-11-04,114.75160062563782,12.778010723092782,0
2022-11-05,113.79599173793711,13.055133467118074,0
2022-11-06,112.00384340344279,13.338885710340312,0
2022-11-07,113.2954378882062,13.095726374912434,0
2022-11-08,120.39204471566697,13.553987396926615,0
2022-11-09,119.22426605276638,15.046682082960865,0
2022-11-10,117.5272432811216,14.585236279642105,0
2022-11-11,117.39962773011058,14.602057681268347,0
2022-11-12,114.00358901295436,13.412334592296043,0
2022-11-13,114.35488364306595,13.115418914344888,0
2022-11-14,120.55634614990937,15.098520042702157,0
2022-11-15,118.82985877896387,15.159559134466503,0
2022-11-16,122.31523839837327,15.898167475827462,0
2022-11-17,118.33362663063124,13.965150217429011,0
2022-11-18,116.4687233459314,14.484823312917374,0
2022-11-19,116.08837902963873,13.221693033003904,0
2022-11-20,116.08637057354343,14.617031977063663,0
2022-11-21,119.51487539014447,16.15587624962623,0
2022-11-22,121.99013621850602,14.844045455051958,0
2022-11-23,121.28604556677533,16.103643411127635,0
2022-11-24,118.66384020586722,15.426625814452347,0
2022-11-25,116.2739946680926,16.09644821526115,0
2022-11-26,112.60076980568383,14.7812130812768,0
2022-11-27,120.17101992732107,16.171831907443842,0
2022-11-28,116.15099421245108,13.254362505001653,0
2022-11-29,121.72334861004327,16.218589353237924,0
2022-11-30,121.57644714662882,14.936062977849655,0
2022-12-01,122.7566682398348,17.934597465447627,0
2022-12-02,120.8856365208507,17.66904508802051,0
2022-12-03,119.37181392474463,17.52226331798014,0
2022-12-04,118.64868069112067,18.741424461530205,0
2022-12-05,120.3680479949771,16.43715013486641,0
2022-12-06,125.23928022397943,19.299851779857917,0
2022-12-07,124.7674357949158,18.651826330459166,0
2022-12-08,125.46337797380055,17.65090045999649,0
2022-12-09,122.24641754121826,19.191522011246963,0
2022-12-10,119.88284133000036,17.118629758416958,0
2022-12-11,120.76324355930106,17.569955789827894,0
2022-12-12,124.2453434396273,17.955902010814697,0
2022-12-13,125.39214191118567,18.20596059868028,0
2022-12-14,123.68130290300746,17.849201588781792,0
2022-12-15,126.21485023543539,20.29998702688318,0
2022-12-16,121.39078000217046,18.989467446633288,0
2022-12-17,120.56431221758339,19.772467136234106,0
2022-12-18,122.50880463809439,19.02142276486409,0
2022-12-19,125.32910950353781,17.943103594732044,0
2022-12-20,127.35113306511586,20.205766940606082,0
2022-12-21,127.30052370552825,18.1954763182979,0
2022-12-22,129.12220940525125,20.211087079712225,0
2022-12-23,123.79583405841674,19.083313145063492,0
2022-12-24,132.97666426058035,22.61067759718007,1
2022-12-25,130.10557265535317,21.706353259614584,1
2022-12-26,123.72786363954788,21.072098017711745,0
2022-12-27,130.7889292267453,22.401118636291745,0
2022-12-28,129.79357432694275,20.461827134870394,0
2022-12-29,130.6167853399889,22.0219665441123,0
2022-12-30,127.13185881112034,21.84820414412821,0
2022-12-31,129.5790192144276,22.081832550491406,1
2023-01-01,124.38348628299627,23.259046808057363,0
2023-01-02,128.17656473042342,22.88747835501061,0
2023-01-03,129.5417173495391,22.611365164233586,0
2023-01-04,129.60750670121567,20.834722007370075,0
2023-01-05,130.4020387168449,21.695794375020355,0
2023-01-06,130.1696006077188,22.698577057422874,0
2023-01-07,127.00903588379391,23.079268822099152,0
2023-01-08,124.71334204409497,22.019419605155086,0
2023-01-09,131.88884415270184,25.724094863198104,0
2023-01-10,135.0684501995724,24.990626902830538,0
2023-01-11,132.6318085048672,24.23713774653206,0
2023-01-12,131.64548113139122,23.866767205255933,0
2023-01-13,129.33477560858316,23.741109370143494,0
2023-01-14,126.30733686964018,23.15881802559531,0
2023-01-15,129.89167803490304,24.344418716647844,0
2023-01-16,131.42781495914846,24.679629795121883,0
2023-01-17,133.91925536006974,23.333747231726715,0
2023-01-18,133.71704708170418,25.06196081030948,0
2023-01-19,132.70725937331974,24.723402902631427,0
2023-01-20,131.02255501931643,23.120288277408793,0
2023-01-21,128.61376917673724,24.31565681388477,0
2023-01-22,132.83781906358087,24.90885060657027,0
2023-01-23,133.59940505651187,27.354983112257866,0
2023-01-24,136.30607043188158,26.167070033691758,0
2023-01-25,137.03345979918336,24.41659655208045,0
2023-01-26,133.19629376268028,26.377973490162244,0
2023-01-27,129.07678004516438,24.482748772360658,0
2023-01-28,129.599736298531,27.249074986114202,0
2023-01-29,133.64230451975115,25.82976571912425,0
2023-01-30,133.7036209948503,26.339896086085595,0
2023-01-31,141.77457873365069,27.89006704054392,0
2023-02-01,136.3088053236852,25.405902469376194,0
2023-02-02,135.94689034607194,25.422762911884437,0
2023-02-03,136.06957995571435,26.36107871715049,0
2023-02-04,136.31464561709214,28.105798799052657,0
2023-02-05,135.63889103049826,25.668724413826894,0
2023-02-06,136.110851788419,24.474438366760843,0
2023-02-07,139.79967535479557,26.971796443324067,0
2023-02-08,140.52186267946036,28.088860866608012,0
2023-02-09,139.75227768952197,28.84931622631161,0
2023-02-10,134.3394551436977,27.295564046082024,0
2023-02-11,132.5268166971099,27.45467380097185,0
2023-02-12,135.44458072816457,29.125048436599915,0
2023-02-13,135.89973546308346,26.2040945060565,0
2023-02-14,138.88042906974312,27.785614755947826,0
2023-02-15,141.6994632451882,28.46243988822198,0
2023-02-16,140.78481546447705,28.816667364130183,0
2023-02-17,136.4674120345529,27.950598531529785,0
2023-02-18,137.4129603270697,28.585299248281206,0
2023-02-19,132.70494893275182,26.150453558494767,0
2023-02-20,137.72242312344915,28.06589882064987,0
2023-02-21,140.09877223122513,29.26044065108986,0
2023-02-22,138.23716888845874,27.904816496981876,0
2023-02-23,140.05632346780575,29.023643506541262,0
2023-02-24,137.76542681943445,29.486427752559543,0
2023-02-25,138.25620905566993,28.769227067872823,0
2023-02-26,137.95058286323635,29.351764735508596,0
2023-02-27,137.2613216182075,28.28537620034051,0
2023-02-28,144.50195902749053,29.105568622870674,0
